timestamp,merit-nt,bgp,ping-slash24,datetime,DATETIME,LABEL
1647855000,1.0,670,380.0,2022-03-21 09:30:00+00:00,2022-03-21 09:30:00+00:00,0
1647855300,0.8,670,380.0,2022-03-21 09:35:00+00:00,2022-03-21 09:35:00+00:00,0
1647855600,0.8,670,387.0,2022-03-21 09:40:00+00:00,2022-03-21 09:40:00+00:00,0
1647855900,1.2,670,387.0,2022-03-21 09:45:00+00:00,2022-03-21 09:45:00+00:00,0
1647856200,0.8,670,387.0,2022-03-21 09:50:00+00:00,2022-03-21 09:50:00+00:00,0
1647856500,1.2,670,387.0,2022-03-21 09:55:00+00:00,2022-03-21 09:55:00+00:00,0
1647856800,1.75,670,391.0,2022-03-21 10:00:00+00:00,2022-03-21 10:00:00+00:00,0
1647857100,0.6,670,391.0,2022-03-21 10:05:00+00:00,2022-03-21 10:05:00+00:00,0
1647857400,0.4,670,393.0,2022-03-21 10:10:00+00:00,2022-03-21 10:10:00+00:00,0
1647857700,1.0,670,393.0,2022-03-21 10:15:00+00:00,2022-03-21 10:15:00+00:00,0
1647858000,0.4,670,381.0,2022-03-21 10:20:00+00:00,2022-03-21 10:20:00+00:00,0
1647858300,0.2,670,381.0,2022-03-21 10:25:00+00:00,2022-03-21 10:25:00+00:00,0
1647858600,0.4,670,392.0,2022-03-21 10:30:00+00:00,2022-03-21 10:30:00+00:00,0
1647858900,0.0,670,392.0,2022-03-21 10:35:00+00:00,2022-03-21 10:35:00+00:00,0
1647859200,0.8,670,386.0,2022-03-21 10:40:00+00:00,2022-03-21 10:40:00+00:00,0
1647859500,1.0,670,386.0,2022-03-21 10:45:00+00:00,2022-03-21 10:45:00+00:00,0
1647859800,1.0,670,392.0,2022-03-21 10:50:00+00:00,2022-03-21 10:50:00+00:00,0
1647860100,0.8,670,392.0,2022-03-21 10:55:00+00:00,2022-03-21 10:55:00+00:00,0
1647860400,0.8,670,393.0,2022-03-21 11:00:00+00:00,2022-03-21 11:00:00+00:00,0
1647860700,0.8,670,393.0,2022-03-21 11:05:00+00:00,2022-03-21 11:05:00+00:00,0
1647861000,1.0,670,394.0,2022-03-21 11:10:00+00:00,2022-03-21 11:10:00+00:00,0
1647861300,1.4,670,394.0,2022-03-21 11:15:00+00:00,2022-03-21 11:15:00+00:00,0
1647861600,1.0,670,391.0,2022-03-21 11:20:00+00:00,2022-03-21 11:20:00+00:00,0
1647861900,1.0,670,391.0,2022-03-21 11:25:00+00:00,2022-03-21 11:25:00+00:00,0
1647862200,1.6,670,397.0,2022-03-21 11:30:00+00:00,2022-03-21 11:30:00+00:00,0
1647862500,1.0,670,397.0,2022-03-21 11:35:00+00:00,2022-03-21 11:35:00+00:00,0
1647862800,1.0,670,384.0,2022-03-21 11:40:00+00:00,2022-03-21 11:40:00+00:00,0
1647863100,0.8,670,384.0,2022-03-21 11:45:00+00:00,2022-03-21 11:45:00+00:00,0
1647863400,0.6,670,329.0,2022-03-21 11:50:00+00:00,2022-03-21 11:50:00+00:00,0
1647863700,1.2,670,329.0,2022-03-21 11:55:00+00:00,2022-03-21 11:55:00+00:00,0
1647864000,0.75,670,321.0,2022-03-21 12:00:00+00:00,2022-03-21 12:00:00+00:00,0
1647864300,0.2,670,321.0,2022-03-21 12:05:00+00:00,2022-03-21 12:05:00+00:00,0
1647864600,1.0,670,359.0,2022-03-21 12:10:00+00:00,2022-03-21 12:10:00+00:00,0
1647864900,1.4,670,359.0,2022-03-21 12:15:00+00:00,2022-03-21 12:15:00+00:00,0
1647865200,1.2,670,373.0,2022-03-21 12:20:00+00:00,2022-03-21 12:20:00+00:00,0
1647865500,0.8,670,373.0,2022-03-21 12:25:00+00:00,2022-03-21 12:25:00+00:00,0
1647865800,0.8,670,385.0,2022-03-21 12:30:00+00:00,2022-03-21 12:30:00+00:00,0
1647866100,1.2,670,385.0,2022-03-21 12:35:00+00:00,2022-03-21 12:35:00+00:00,0
1647866400,1.0,670,376.0,2022-03-21 12:40:00+00:00,2022-03-21 12:40:00+00:00,0
1647866700,0.6,670,376.0,2022-03-21 12:45:00+00:00,2022-03-21 12:45:00+00:00,0
1647867000,1.6,670,361.0,2022-03-21 12:50:00+00:00,2022-03-21 12:50:00+00:00,0
1647867300,0.8,670,361.0,2022-03-21 12:55:00+00:00,2022-03-21 12:55:00+00:00,0
1647867600,1.2,670,376.0,2022-03-21 13:00:00+00:00,2022-03-21 13:00:00+00:00,0
1647867900,0.6,670,376.0,2022-03-21 13:05:00+00:00,2022-03-21 13:05:00+00:00,0
1647868200,1.6,670,383.0,2022-03-21 13:10:00+00:00,2022-03-21 13:10:00+00:00,0
1647868500,1.6,670,383.0,2022-03-21 13:15:00+00:00,2022-03-21 13:15:00+00:00,0
1647868800,1.0,670,382.0,2022-03-21 13:20:00+00:00,2022-03-21 13:20:00+00:00,0
1647869100,1.4,670,382.0,2022-03-21 13:25:00+00:00,2022-03-21 13:25:00+00:00,0
1647869400,1.4,670,388.0,2022-03-21 13:30:00+00:00,2022-03-21 13:30:00+00:00,0
1647869700,1.6,670,388.0,2022-03-21 13:35:00+00:00,2022-03-21 13:35:00+00:00,0
1647870000,1.0,670,372.0,2022-03-21 13:40:00+00:00,2022-03-21 13:40:00+00:00,0
1647870300,1.4,670,372.0,2022-03-21 13:45:00+00:00,2022-03-21 13:45:00+00:00,0
1647870600,1.6,670,387.0,2022-03-21 13:50:00+00:00,2022-03-21 13:50:00+00:00,0
1647870900,1.6,670,387.0,2022-03-21 13:55:00+00:00,2022-03-21 13:55:00+00:00,0
1647871200,1.4,670,385.0,2022-03-21 14:00:00+00:00,2022-03-21 14:00:00+00:00,0
1647871500,0.8,670,385.0,2022-03-21 14:05:00+00:00,2022-03-21 14:05:00+00:00,0
1647871800,0.6,670,372.0,2022-03-21 14:10:00+00:00,2022-03-21 14:10:00+00:00,0
1647872100,0.8,670,372.0,2022-03-21 14:15:00+00:00,2022-03-21 14:15:00+00:00,0
1647872400,1.0,670,379.0,2022-03-21 14:20:00+00:00,2022-03-21 14:20:00+00:00,0
1647872700,0.8,670,379.0,2022-03-21 14:25:00+00:00,2022-03-21 14:25:00+00:00,0
1647873000,1.6,670,390.0,2022-03-21 14:30:00+00:00,2022-03-21 14:30:00+00:00,0
1647873300,0.8,670,390.0,2022-03-21 14:35:00+00:00,2022-03-21 14:35:00+00:00,0
1647873600,1.6,670,381.0,2022-03-21 14:40:00+00:00,2022-03-21 14:40:00+00:00,0
1647873900,1.4,670,381.0,2022-03-21 14:45:00+00:00,2022-03-21 14:45:00+00:00,0
1647874200,1.0,670,393.0,2022-03-21 14:50:00+00:00,2022-03-21 14:50:00+00:00,0
1647874500,0.8,670,393.0,2022-03-21 14:55:00+00:00,2022-03-21 14:55:00+00:00,0
1647874800,1.4,670,391.0,2022-03-21 15:00:00+00:00,2022-03-21 15:00:00+00:00,0
1647875100,0.8,670,391.0,2022-03-21 15:05:00+00:00,2022-03-21 15:05:00+00:00,0
1647875400,0.6,670,391.0,2022-03-21 15:10:00+00:00,2022-03-21 15:10:00+00:00,0
1647875700,1.2,670,391.0,2022-03-21 15:15:00+00:00,2022-03-21 15:15:00+00:00,0
1647876000,0.8,670,375.0,2022-03-21 15:20:00+00:00,2022-03-21 15:20:00+00:00,0
1647876300,1.8,670,375.0,2022-03-21 15:25:00+00:00,2022-03-21 15:25:00+00:00,0
1647876600,1.0,670,375.0,2022-03-21 15:30:00+00:00,2022-03-21 15:30:00+00:00,0
1647876900,0.6,670,375.0,2022-03-21 15:35:00+00:00,2022-03-21 15:35:00+00:00,0
1647877200,0.4,670,379.0,2022-03-21 15:40:00+00:00,2022-03-21 15:40:00+00:00,0
1647877500,1.2,670,379.0,2022-03-21 15:45:00+00:00,2022-03-21 15:45:00+00:00,0
1647877800,1.8,670,383.0,2022-03-21 15:50:00+00:00,2022-03-21 15:50:00+00:00,0
1647878100,1.0,670,383.0,2022-03-21 15:55:00+00:00,2022-03-21 15:55:00+00:00,0
1647878400,0.75,670,384.0,2022-03-21 16:00:00+00:00,2022-03-21 16:00:00+00:00,0
1647878700,1.2,670,384.0,2022-03-21 16:05:00+00:00,2022-03-21 16:05:00+00:00,0
1647879000,0.6,670,388.0,2022-03-21 16:10:00+00:00,2022-03-21 16:10:00+00:00,0
1647879300,1.0,670,388.0,2022-03-21 16:15:00+00:00,2022-03-21 16:15:00+00:00,0
1647879600,0.8,670,381.0,2022-03-21 16:20:00+00:00,2022-03-21 16:20:00+00:00,0
1647879900,1.8,670,381.0,2022-03-21 16:25:00+00:00,2022-03-21 16:25:00+00:00,0
1647880200,2.0,670,376.0,2022-03-21 16:30:00+00:00,2022-03-21 16:30:00+00:00,0
1647880500,1.0,670,376.0,2022-03-21 16:35:00+00:00,2022-03-21 16:35:00+00:00,0
1647880800,1.4,670,394.0,2022-03-21 16:40:00+00:00,2022-03-21 16:40:00+00:00,0
1647881100,2.6,670,394.0,2022-03-21 16:45:00+00:00,2022-03-21 16:45:00+00:00,0
1647881400,1.0,670,380.0,2022-03-21 16:50:00+00:00,2022-03-21 16:50:00+00:00,0
1647881700,2.2,670,380.0,2022-03-21 16:55:00+00:00,2022-03-21 16:55:00+00:00,0
1647882000,2.4,670,373.0,2022-03-21 17:00:00+00:00,2022-03-21 17:00:00+00:00,0
1647882300,1.8,670,373.0,2022-03-21 17:05:00+00:00,2022-03-21 17:05:00+00:00,0
1647882600,1.8,670,386.0,2022-03-21 17:10:00+00:00,2022-03-21 17:10:00+00:00,0
1647882900,1.0,670,386.0,2022-03-21 17:15:00+00:00,2022-03-21 17:15:00+00:00,0
1647883200,1.0,670,375.0,2022-03-21 17:20:00+00:00,2022-03-21 17:20:00+00:00,0
1647883500,1.6,670,375.0,2022-03-21 17:25:00+00:00,2022-03-21 17:25:00+00:00,0
1647883800,0.8,670,373.0,2022-03-21 17:30:00+00:00,2022-03-21 17:30:00+00:00,0
1647884100,0.6,670,373.0,2022-03-21 17:35:00+00:00,2022-03-21 17:35:00+00:00,0
1647884400,1.2,670,360.0,2022-03-21 17:40:00+00:00,2022-03-21 17:40:00+00:00,0
1647884700,0.8,670,360.0,2022-03-21 17:45:00+00:00,2022-03-21 17:45:00+00:00,0
1647885000,1.8,670,366.0,2022-03-21 17:50:00+00:00,2022-03-21 17:50:00+00:00,0
1647885300,1.8,670,366.0,2022-03-21 17:55:00+00:00,2022-03-21 17:55:00+00:00,0
1647885600,2.6666666666666665,670,384.0,2022-03-21 18:00:00+00:00,2022-03-21 18:00:00+00:00,0
1647885900,1.6,670,384.0,2022-03-21 18:05:00+00:00,2022-03-21 18:05:00+00:00,0
1647886200,0.8,670,367.0,2022-03-21 18:10:00+00:00,2022-03-21 18:10:00+00:00,0
1647886500,0.8,670,367.0,2022-03-21 18:15:00+00:00,2022-03-21 18:15:00+00:00,0
1647886800,1.2,670,368.0,2022-03-21 18:20:00+00:00,2022-03-21 18:20:00+00:00,0
1647887100,1.2,670,368.0,2022-03-21 18:25:00+00:00,2022-03-21 18:25:00+00:00,0
1647887400,1.2,670,375.0,2022-03-21 18:30:00+00:00,2022-03-21 18:30:00+00:00,0
1647887700,1.2,670,375.0,2022-03-21 18:35:00+00:00,2022-03-21 18:35:00+00:00,0
1647888000,2.4,670,364.0,2022-03-21 18:40:00+00:00,2022-03-21 18:40:00+00:00,0
1647888300,0.8,670,364.0,2022-03-21 18:45:00+00:00,2022-03-21 18:45:00+00:00,0
1647888600,0.6,670,362.0,2022-03-21 18:50:00+00:00,2022-03-21 18:50:00+00:00,0
1647888900,0.8,670,362.0,2022-03-21 18:55:00+00:00,2022-03-21 18:55:00+00:00,0
1647889200,0.6,670,368.0,2022-03-21 19:00:00+00:00,2022-03-21 19:00:00+00:00,0
1647889500,0.8,670,368.0,2022-03-21 19:05:00+00:00,2022-03-21 19:05:00+00:00,0
1647889800,0.8,670,363.0,2022-03-21 19:10:00+00:00,2022-03-21 19:10:00+00:00,0
1647890100,2.0,670,363.0,2022-03-21 19:15:00+00:00,2022-03-21 19:15:00+00:00,0
1647890400,0.2,670,368.0,2022-03-21 19:20:00+00:00,2022-03-21 19:20:00+00:00,0
1647890700,1.6,670,368.0,2022-03-21 19:25:00+00:00,2022-03-21 19:25:00+00:00,0
1647891000,0.4,670,380.0,2022-03-21 19:30:00+00:00,2022-03-21 19:30:00+00:00,0
1647891300,1.0,670,380.0,2022-03-21 19:35:00+00:00,2022-03-21 19:35:00+00:00,0
1647891600,0.8,670,377.0,2022-03-21 19:40:00+00:00,2022-03-21 19:40:00+00:00,0
1647891900,0.4,670,377.0,2022-03-21 19:45:00+00:00,2022-03-21 19:45:00+00:00,0
1647892200,0.4,670,380.0,2022-03-21 19:50:00+00:00,2022-03-21 19:50:00+00:00,0
1647892500,0.6,670,380.0,2022-03-21 19:55:00+00:00,2022-03-21 19:55:00+00:00,0
1647892800,0.4,670,364.0,2022-03-21 20:00:00+00:00,2022-03-21 20:00:00+00:00,0
1647893100,0.6,670,364.0,2022-03-21 20:05:00+00:00,2022-03-21 20:05:00+00:00,0
1647893400,0.2,670,381.0,2022-03-21 20:10:00+00:00,2022-03-21 20:10:00+00:00,0
1647893700,0.4,670,381.0,2022-03-21 20:15:00+00:00,2022-03-21 20:15:00+00:00,0
1647894000,0.6,670,368.0,2022-03-21 20:20:00+00:00,2022-03-21 20:20:00+00:00,0
1647894300,0.4,670,368.0,2022-03-21 20:25:00+00:00,2022-03-21 20:25:00+00:00,0
1647894600,0.0,670,375.0,2022-03-21 20:30:00+00:00,2022-03-21 20:30:00+00:00,0
1647894900,0.2,670,375.0,2022-03-21 20:35:00+00:00,2022-03-21 20:35:00+00:00,0
1647895200,0.4,670,375.0,2022-03-21 20:40:00+00:00,2022-03-21 20:40:00+00:00,0
1647895500,0.8,670,375.0,2022-03-21 20:45:00+00:00,2022-03-21 20:45:00+00:00,0
1647895800,0.8,670,370.0,2022-03-21 20:50:00+00:00,2022-03-21 20:50:00+00:00,0
1647896100,0.8,670,370.0,2022-03-21 20:55:00+00:00,2022-03-21 20:55:00+00:00,0
1647896400,0.6666666666666666,670,369.0,2022-03-21 21:00:00+00:00,2022-03-21 21:00:00+00:00,0
1647896700,0.8,670,369.0,2022-03-21 21:05:00+00:00,2022-03-21 21:05:00+00:00,0
1647897000,0.0,670,363.0,2022-03-21 21:10:00+00:00,2022-03-21 21:10:00+00:00,0
1647897300,0.8,670,363.0,2022-03-21 21:15:00+00:00,2022-03-21 21:15:00+00:00,0
1647897600,0.2,670,375.0,2022-03-21 21:20:00+00:00,2022-03-21 21:20:00+00:00,0
1647897900,0.6,670,375.0,2022-03-21 21:25:00+00:00,2022-03-21 21:25:00+00:00,0
1647898200,0.2,670,376.0,2022-03-21 21:30:00+00:00,2022-03-21 21:30:00+00:00,0
1647898500,0.0,670,376.0,2022-03-21 21:35:00+00:00,2022-03-21 21:35:00+00:00,0
1647898800,0.0,670,383.0,2022-03-21 21:40:00+00:00,2022-03-21 21:40:00+00:00,0
1647899100,1.4,670,383.0,2022-03-21 21:45:00+00:00,2022-03-21 21:45:00+00:00,0
1647899400,0.4,670,385.0,2022-03-21 21:50:00+00:00,2022-03-21 21:50:00+00:00,0
1647899700,0.6,670,385.0,2022-03-21 21:55:00+00:00,2022-03-21 21:55:00+00:00,0
1647900000,0.6,670,377.0,2022-03-21 22:00:00+00:00,2022-03-21 22:00:00+00:00,0
1647900300,1.0,670,377.0,2022-03-21 22:05:00+00:00,2022-03-21 22:05:00+00:00,0
1647900600,1.2,670,376.0,2022-03-21 22:10:00+00:00,2022-03-21 22:10:00+00:00,0
1647900900,0.6,670,376.0,2022-03-21 22:15:00+00:00,2022-03-21 22:15:00+00:00,0
1647901200,1.0,670,388.0,2022-03-21 22:20:00+00:00,2022-03-21 22:20:00+00:00,0
1647901500,1.0,670,388.0,2022-03-21 22:25:00+00:00,2022-03-21 22:25:00+00:00,0
1647901800,1.0,670,384.0,2022-03-21 22:30:00+00:00,2022-03-21 22:30:00+00:00,0
1647902100,0.2,670,384.0,2022-03-21 22:35:00+00:00,2022-03-21 22:35:00+00:00,0
1647902400,0.6,670,375.0,2022-03-21 22:40:00+00:00,2022-03-21 22:40:00+00:00,0
1647902700,0.6,670,375.0,2022-03-21 22:45:00+00:00,2022-03-21 22:45:00+00:00,0
1647903000,0.2,670,380.0,2022-03-21 22:50:00+00:00,2022-03-21 22:50:00+00:00,0
1647903300,0.8,670,380.0,2022-03-21 22:55:00+00:00,2022-03-21 22:55:00+00:00,0
1647903600,0.8,670,381.0,2022-03-21 23:00:00+00:00,2022-03-21 23:00:00+00:00,0
1647903900,0.6,670,381.0,2022-03-21 23:05:00+00:00,2022-03-21 23:05:00+00:00,0
1647904200,0.2,670,375.0,2022-03-21 23:10:00+00:00,2022-03-21 23:10:00+00:00,0
1647904500,0.6,670,375.0,2022-03-21 23:15:00+00:00,2022-03-21 23:15:00+00:00,0
1647904800,0.2,670,383.0,2022-03-21 23:20:00+00:00,2022-03-21 23:20:00+00:00,0
1647905100,0.8,670,383.0,2022-03-21 23:25:00+00:00,2022-03-21 23:25:00+00:00,0
1647905400,0.2,670,395.0,2022-03-21 23:30:00+00:00,2022-03-21 23:30:00+00:00,0
1647905700,1.2,670,395.0,2022-03-21 23:35:00+00:00,2022-03-21 23:35:00+00:00,0
1647906000,1.4,670,376.0,2022-03-21 23:40:00+00:00,2022-03-21 23:40:00+00:00,0
1647906300,0.6,670,376.0,2022-03-21 23:45:00+00:00,2022-03-21 23:45:00+00:00,0
1647906600,0.4,670,380.0,2022-03-21 23:50:00+00:00,2022-03-21 23:50:00+00:00,0
1647906900,0.4,670,380.0,2022-03-21 23:55:00+00:00,2022-03-21 23:55:00+00:00,0
1647907200,0.75,670,376.0,2022-03-22 00:00:00+00:00,2022-03-22 00:00:00+00:00,0
1647907500,0.2,670,376.0,2022-03-22 00:05:00+00:00,2022-03-22 00:05:00+00:00,0
1647907800,0.4,670,385.0,2022-03-22 00:10:00+00:00,2022-03-22 00:10:00+00:00,0
1647908100,0.4,670,385.0,2022-03-22 00:15:00+00:00,2022-03-22 00:15:00+00:00,0
1647908400,0.6,670,383.0,2022-03-22 00:20:00+00:00,2022-03-22 00:20:00+00:00,0
1647908700,0.4,670,383.0,2022-03-22 00:25:00+00:00,2022-03-22 00:25:00+00:00,0
1647909000,0.2,670,391.0,2022-03-22 00:30:00+00:00,2022-03-22 00:30:00+00:00,0
1647909300,1.0,670,391.0,2022-03-22 00:35:00+00:00,2022-03-22 00:35:00+00:00,0
1647909600,0.2,670,380.0,2022-03-22 00:40:00+00:00,2022-03-22 00:40:00+00:00,0
1647909900,1.0,670,380.0,2022-03-22 00:45:00+00:00,2022-03-22 00:45:00+00:00,0
1647910200,1.2,670,364.0,2022-03-22 00:50:00+00:00,2022-03-22 00:50:00+00:00,0
1647910500,0.4,670,364.0,2022-03-22 00:55:00+00:00,2022-03-22 00:55:00+00:00,0
1647910800,0.5,670,377.0,2022-03-22 01:00:00+00:00,2022-03-22 01:00:00+00:00,0
1647911100,0.8,670,377.0,2022-03-22 01:05:00+00:00,2022-03-22 01:05:00+00:00,0
1647911400,0.6,670,371.0,2022-03-22 01:10:00+00:00,2022-03-22 01:10:00+00:00,0
1647911700,0.4,670,371.0,2022-03-22 01:15:00+00:00,2022-03-22 01:15:00+00:00,0
1647912000,1.0,670,368.0,2022-03-22 01:20:00+00:00,2022-03-22 01:20:00+00:00,0
1647912300,1.2,670,368.0,2022-03-22 01:25:00+00:00,2022-03-22 01:25:00+00:00,0
1647912600,0.4,670,371.0,2022-03-22 01:30:00+00:00,2022-03-22 01:30:00+00:00,0
1647912900,0.8,670,371.0,2022-03-22 01:35:00+00:00,2022-03-22 01:35:00+00:00,0
1647913200,0.8,670,375.0,2022-03-22 01:40:00+00:00,2022-03-22 01:40:00+00:00,0
1647913500,1.2,670,375.0,2022-03-22 01:45:00+00:00,2022-03-22 01:45:00+00:00,0
1647913800,0.4,670,370.0,2022-03-22 01:50:00+00:00,2022-03-22 01:50:00+00:00,0
1647914100,0.4,670,370.0,2022-03-22 01:55:00+00:00,2022-03-22 01:55:00+00:00,0
1647914400,0.6,670,379.0,2022-03-22 02:00:00+00:00,2022-03-22 02:00:00+00:00,0
1647914700,0.8,670,379.0,2022-03-22 02:05:00+00:00,2022-03-22 02:05:00+00:00,0
1647915000,1.2,670,384.0,2022-03-22 02:10:00+00:00,2022-03-22 02:10:00+00:00,0
1647915300,0.8,670,384.0,2022-03-22 02:15:00+00:00,2022-03-22 02:15:00+00:00,0
1647915600,0.6,670,392.0,2022-03-22 02:20:00+00:00,2022-03-22 02:20:00+00:00,0
1647915900,1.4,670,392.0,2022-03-22 02:25:00+00:00,2022-03-22 02:25:00+00:00,0
1647916200,1.6,670,395.0,2022-03-22 02:30:00+00:00,2022-03-22 02:30:00+00:00,0
1647916500,1.0,670,395.0,2022-03-22 02:35:00+00:00,2022-03-22 02:35:00+00:00,0
1647916800,1.0,670,382.0,2022-03-22 02:40:00+00:00,2022-03-22 02:40:00+00:00,0
1647917100,1.2,670,382.0,2022-03-22 02:45:00+00:00,2022-03-22 02:45:00+00:00,0
1647917400,1.2,670,382.0,2022-03-22 02:50:00+00:00,2022-03-22 02:50:00+00:00,0
1647917700,1.4,670,382.0,2022-03-22 02:55:00+00:00,2022-03-22 02:55:00+00:00,0
1647918000,1.0,670,383.0,2022-03-22 03:00:00+00:00,2022-03-22 03:00:00+00:00,0
1647918300,1.0,670,383.0,2022-03-22 03:05:00+00:00,2022-03-22 03:05:00+00:00,0
1647918600,1.8,670,389.0,2022-03-22 03:10:00+00:00,2022-03-22 03:10:00+00:00,0
1647918900,2.0,670,389.0,2022-03-22 03:15:00+00:00,2022-03-22 03:15:00+00:00,0
1647919200,1.0,670,384.0,2022-03-22 03:20:00+00:00,2022-03-22 03:20:00+00:00,0
1647919500,1.4,670,384.0,2022-03-22 03:25:00+00:00,2022-03-22 03:25:00+00:00,0
1647919800,1.4,670,385.0,2022-03-22 03:30:00+00:00,2022-03-22 03:30:00+00:00,0
1647920100,1.4,670,385.0,2022-03-22 03:35:00+00:00,2022-03-22 03:35:00+00:00,0
1647920400,1.4,670,378.0,2022-03-22 03:40:00+00:00,2022-03-22 03:40:00+00:00,0
1647920700,0.6,670,378.0,2022-03-22 03:45:00+00:00,2022-03-22 03:45:00+00:00,0
1647921000,1.0,670,372.0,2022-03-22 03:50:00+00:00,2022-03-22 03:50:00+00:00,0
1647921300,2.2,670,372.0,2022-03-22 03:55:00+00:00,2022-03-22 03:55:00+00:00,0
1647921600,1.4,670,372.0,2022-03-22 04:00:00+00:00,2022-03-22 04:00:00+00:00,0
1647921900,1.8,670,372.0,2022-03-22 04:05:00+00:00,2022-03-22 04:05:00+00:00,0
1647922200,2.0,670,376.0,2022-03-22 04:10:00+00:00,2022-03-22 04:10:00+00:00,0
1647922500,1.4,670,376.0,2022-03-22 04:15:00+00:00,2022-03-22 04:15:00+00:00,0
1647922800,1.4,670,378.0,2022-03-22 04:20:00+00:00,2022-03-22 04:20:00+00:00,0
1647923100,1.6,670,378.0,2022-03-22 04:25:00+00:00,2022-03-22 04:25:00+00:00,0
1647923400,2.0,670,384.0,2022-03-22 04:30:00+00:00,2022-03-22 04:30:00+00:00,0
1647923700,1.4,670,384.0,2022-03-22 04:35:00+00:00,2022-03-22 04:35:00+00:00,0
1647924000,1.4,670,374.0,2022-03-22 04:40:00+00:00,2022-03-22 04:40:00+00:00,0
1647924300,1.0,670,374.0,2022-03-22 04:45:00+00:00,2022-03-22 04:45:00+00:00,0
1647924600,1.2,670,389.0,2022-03-22 04:50:00+00:00,2022-03-22 04:50:00+00:00,0
1647924900,1.4,670,389.0,2022-03-22 04:55:00+00:00,2022-03-22 04:55:00+00:00,0
1647925200,2.4,670,386.0,2022-03-22 05:00:00+00:00,2022-03-22 05:00:00+00:00,0
1647925500,1.0,670,386.0,2022-03-22 05:05:00+00:00,2022-03-22 05:05:00+00:00,0
1647925800,1.4,670,377.0,2022-03-22 05:10:00+00:00,2022-03-22 05:10:00+00:00,0
1647926100,1.8,670,377.0,2022-03-22 05:15:00+00:00,2022-03-22 05:15:00+00:00,0
1647926400,2.0,670,391.0,2022-03-22 05:20:00+00:00,2022-03-22 05:20:00+00:00,0
1647926700,1.6,670,391.0,2022-03-22 05:25:00+00:00,2022-03-22 05:25:00+00:00,0
1647927000,1.6,670,388.0,2022-03-22 05:30:00+00:00,2022-03-22 05:30:00+00:00,0
1647927300,1.2,670,388.0,2022-03-22 05:35:00+00:00,2022-03-22 05:35:00+00:00,0
1647927600,1.2,670,384.0,2022-03-22 05:40:00+00:00,2022-03-22 05:40:00+00:00,0
1647927900,0.4,670,384.0,2022-03-22 05:45:00+00:00,2022-03-22 05:45:00+00:00,0
1647928200,3.0,670,377.0,2022-03-22 05:50:00+00:00,2022-03-22 05:50:00+00:00,0
1647928500,1.2,670,377.0,2022-03-22 05:55:00+00:00,2022-03-22 05:55:00+00:00,0
1647928800,1.6,670,396.0,2022-03-22 06:00:00+00:00,2022-03-22 06:00:00+00:00,0
1647929100,1.0,670,396.0,2022-03-22 06:05:00+00:00,2022-03-22 06:05:00+00:00,0
1647929400,1.4,670,381.0,2022-03-22 06:10:00+00:00,2022-03-22 06:10:00+00:00,0
1647929700,1.8,670,381.0,2022-03-22 06:15:00+00:00,2022-03-22 06:15:00+00:00,0
1647930000,1.4,670,384.0,2022-03-22 06:20:00+00:00,2022-03-22 06:20:00+00:00,0
1647930300,1.6,670,384.0,2022-03-22 06:25:00+00:00,2022-03-22 06:25:00+00:00,0
1647930600,1.4,670,384.0,2022-03-22 06:30:00+00:00,2022-03-22 06:30:00+00:00,0
1647930900,1.6,670,384.0,2022-03-22 06:35:00+00:00,2022-03-22 06:35:00+00:00,0
1647931200,2.0,670,390.0,2022-03-22 06:40:00+00:00,2022-03-22 06:40:00+00:00,0
1647931500,2.2,670,390.0,2022-03-22 06:45:00+00:00,2022-03-22 06:45:00+00:00,0
1647931800,3.0,670,393.0,2022-03-22 06:50:00+00:00,2022-03-22 06:50:00+00:00,0
1647932100,1.6,670,393.0,2022-03-22 06:55:00+00:00,2022-03-22 06:55:00+00:00,0
1647932400,1.6,670,395.0,2022-03-22 07:00:00+00:00,2022-03-22 07:00:00+00:00,0
1647932700,1.8,670,395.0,2022-03-22 07:05:00+00:00,2022-03-22 07:05:00+00:00,0
1647933000,2.4,670,400.0,2022-03-22 07:10:00+00:00,2022-03-22 07:10:00+00:00,0
1647933300,1.8,670,400.0,2022-03-22 07:15:00+00:00,2022-03-22 07:15:00+00:00,0
1647933600,1.4,670,396.0,2022-03-22 07:20:00+00:00,2022-03-22 07:20:00+00:00,0
1647933900,2.2,670,396.0,2022-03-22 07:25:00+00:00,2022-03-22 07:25:00+00:00,0
1647934200,2.4,670,395.0,2022-03-22 07:30:00+00:00,2022-03-22 07:30:00+00:00,0
1647934500,1.8,670,395.0,2022-03-22 07:35:00+00:00,2022-03-22 07:35:00+00:00,0
1647934800,1.8,670,380.0,2022-03-22 07:40:00+00:00,2022-03-22 07:40:00+00:00,0
1647935100,1.4,670,380.0,2022-03-22 07:45:00+00:00,2022-03-22 07:45:00+00:00,0
1647935400,1.8,670,382.0,2022-03-22 07:50:00+00:00,2022-03-22 07:50:00+00:00,0
1647935700,1.8,670,382.0,2022-03-22 07:55:00+00:00,2022-03-22 07:55:00+00:00,0
1647936000,1.2,670,380.0,2022-03-22 08:00:00+00:00,2022-03-22 08:00:00+00:00,0
1647936300,1.2,670,380.0,2022-03-22 08:05:00+00:00,2022-03-22 08:05:00+00:00,0
1647936600,2.8,670,385.0,2022-03-22 08:10:00+00:00,2022-03-22 08:10:00+00:00,0
1647936900,2.2,670,385.0,2022-03-22 08:15:00+00:00,2022-03-22 08:15:00+00:00,0
1647937200,1.8,670,384.0,2022-03-22 08:20:00+00:00,2022-03-22 08:20:00+00:00,0
1647937500,2.0,670,384.0,2022-03-22 08:25:00+00:00,2022-03-22 08:25:00+00:00,0
1647937800,2.0,670,397.0,2022-03-22 08:30:00+00:00,2022-03-22 08:30:00+00:00,0
1647938100,2.0,670,397.0,2022-03-22 08:35:00+00:00,2022-03-22 08:35:00+00:00,0
1647938400,2.2,670,385.0,2022-03-22 08:40:00+00:00,2022-03-22 08:40:00+00:00,0
1647938700,2.2,670,385.0,2022-03-22 08:45:00+00:00,2022-03-22 08:45:00+00:00,0
1647939000,2.0,670,389.0,2022-03-22 08:50:00+00:00,2022-03-22 08:50:00+00:00,0
1647939300,1.4,670,389.0,2022-03-22 08:55:00+00:00,2022-03-22 08:55:00+00:00,0
1647939600,1.8,670,400.0,2022-03-22 09:00:00+00:00,2022-03-22 09:00:00+00:00,0
1647939900,1.6,670,400.0,2022-03-22 09:05:00+00:00,2022-03-22 09:05:00+00:00,0
1647940200,1.8,670,397.0,2022-03-22 09:10:00+00:00,2022-03-22 09:10:00+00:00,0
1647940500,1.8,670,397.0,2022-03-22 09:15:00+00:00,2022-03-22 09:15:00+00:00,0
1647940800,2.0,670,382.0,2022-03-22 09:20:00+00:00,2022-03-22 09:20:00+00:00,0
1647941100,1.8,670,382.0,2022-03-22 09:25:00+00:00,2022-03-22 09:25:00+00:00,0
1647941400,2.0,573,273.0,2022-03-22 09:30:00+00:00,2022-03-22 09:30:00+00:00,1
1647941700,3.6,565,273.0,2022-03-22 09:35:00+00:00,2022-03-22 09:35:00+00:00,1
1647942000,1.2,565,275.0,2022-03-22 09:40:00+00:00,2022-03-22 09:40:00+00:00,1
1647942300,2.0,565,275.0,2022-03-22 09:45:00+00:00,2022-03-22 09:45:00+00:00,1
1647942600,2.2,565,280.0,2022-03-22 09:50:00+00:00,2022-03-22 09:50:00+00:00,1
1647942900,2.4,565,280.0,2022-03-22 09:55:00+00:00,2022-03-22 09:55:00+00:00,1
1647943200,2.8,565,277.0,2022-03-22 10:00:00+00:00,2022-03-22 10:00:00+00:00,1
1647943500,1.6,573,277.0,2022-03-22 10:05:00+00:00,2022-03-22 10:05:00+00:00,1
1647943800,2.4,573,283.0,2022-03-22 10:10:00+00:00,2022-03-22 10:10:00+00:00,1
1647944100,1.8,573,283.0,2022-03-22 10:15:00+00:00,2022-03-22 10:15:00+00:00,1
1647944400,2.0,573,284.0,2022-03-22 10:20:00+00:00,2022-03-22 10:20:00+00:00,1
1647944700,1.8,574,284.0,2022-03-22 10:25:00+00:00,2022-03-22 10:25:00+00:00,1
1647945000,2.4,574,289.0,2022-03-22 10:30:00+00:00,2022-03-22 10:30:00+00:00,1
1647945300,1.4,574,289.0,2022-03-22 10:35:00+00:00,2022-03-22 10:35:00+00:00,1
1647945600,0.8,574,286.0,2022-03-22 10:40:00+00:00,2022-03-22 10:40:00+00:00,1
1647945900,0.6,574,286.0,2022-03-22 10:45:00+00:00,2022-03-22 10:45:00+00:00,1
1647946200,0.2,574,283.0,2022-03-22 10:50:00+00:00,2022-03-22 10:50:00+00:00,1
1647946500,1.2,574,283.0,2022-03-22 10:55:00+00:00,2022-03-22 10:55:00+00:00,1
1647946800,1.0,574,290.0,2022-03-22 11:00:00+00:00,2022-03-22 11:00:00+00:00,1
1647947100,2.0,574,290.0,2022-03-22 11:05:00+00:00,2022-03-22 11:05:00+00:00,1
1647947400,1.0,574,292.0,2022-03-22 11:10:00+00:00,2022-03-22 11:10:00+00:00,1
1647947700,2.2,574,292.0,2022-03-22 11:15:00+00:00,2022-03-22 11:15:00+00:00,1
1647948000,1.0,574,286.0,2022-03-22 11:20:00+00:00,2022-03-22 11:20:00+00:00,1
1647948300,2.0,574,286.0,2022-03-22 11:25:00+00:00,2022-03-22 11:25:00+00:00,1
1647948600,1.8,574,292.0,2022-03-22 11:30:00+00:00,2022-03-22 11:30:00+00:00,1
1647948900,0.6,574,292.0,2022-03-22 11:35:00+00:00,2022-03-22 11:35:00+00:00,1
1647949200,1.2,574,286.0,2022-03-22 11:40:00+00:00,2022-03-22 11:40:00+00:00,1
1647949500,1.6,574,286.0,2022-03-22 11:45:00+00:00,2022-03-22 11:45:00+00:00,1
1647949800,1.0,574,282.0,2022-03-22 11:50:00+00:00,2022-03-22 11:50:00+00:00,1
1647950100,1.4,574,282.0,2022-03-22 11:55:00+00:00,2022-03-22 11:55:00+00:00,1
1647950400,1.2,574,286.0,2022-03-22 12:00:00+00:00,2022-03-22 12:00:00+00:00,1
1647950700,1.0,574,286.0,2022-03-22 12:05:00+00:00,2022-03-22 12:05:00+00:00,1
1647951000,1.2,574,272.0,2022-03-22 12:10:00+00:00,2022-03-22 12:10:00+00:00,1
1647951300,0.8,574,272.0,2022-03-22 12:15:00+00:00,2022-03-22 12:15:00+00:00,1
1647951600,2.0,574,284.0,2022-03-22 12:20:00+00:00,2022-03-22 12:20:00+00:00,1
1647951900,0.8,574,284.0,2022-03-22 12:25:00+00:00,2022-03-22 12:25:00+00:00,1
1647952200,1.4,574,287.0,2022-03-22 12:30:00+00:00,2022-03-22 12:30:00+00:00,1
1647952500,1.8,574,287.0,2022-03-22 12:35:00+00:00,2022-03-22 12:35:00+00:00,1
1647952800,1.4,574,286.0,2022-03-22 12:40:00+00:00,2022-03-22 12:40:00+00:00,1
1647953100,1.4,574,286.0,2022-03-22 12:45:00+00:00,2022-03-22 12:45:00+00:00,1
1647953400,1.6,574,281.0,2022-03-22 12:50:00+00:00,2022-03-22 12:50:00+00:00,1
1647953700,2.6,574,281.0,2022-03-22 12:55:00+00:00,2022-03-22 12:55:00+00:00,1
1647954000,0.8,574,286.0,2022-03-22 13:00:00+00:00,2022-03-22 13:00:00+00:00,1
1647954300,0.8,574,286.0,2022-03-22 13:05:00+00:00,2022-03-22 13:05:00+00:00,1
1647954600,1.2,574,282.0,2022-03-22 13:10:00+00:00,2022-03-22 13:10:00+00:00,1
1647954900,1.6,574,282.0,2022-03-22 13:15:00+00:00,2022-03-22 13:15:00+00:00,1
1647955200,2.0,574,281.0,2022-03-22 13:20:00+00:00,2022-03-22 13:20:00+00:00,1
1647955500,1.4,574,281.0,2022-03-22 13:25:00+00:00,2022-03-22 13:25:00+00:00,1
1647955800,2.0,574,288.0,2022-03-22 13:30:00+00:00,2022-03-22 13:30:00+00:00,1
1647956100,2.0,574,288.0,2022-03-22 13:35:00+00:00,2022-03-22 13:35:00+00:00,1
1647956400,2.4,574,292.0,2022-03-22 13:40:00+00:00,2022-03-22 13:40:00+00:00,1
1647956700,1.8,574,292.0,2022-03-22 13:45:00+00:00,2022-03-22 13:45:00+00:00,1
1647957000,2.0,574,273.0,2022-03-22 13:50:00+00:00,2022-03-22 13:50:00+00:00,1
1647957300,1.8,574,273.0,2022-03-22 13:55:00+00:00,2022-03-22 13:55:00+00:00,1
1647957600,1.8,574,286.0,2022-03-22 14:00:00+00:00,2022-03-22 14:00:00+00:00,1
1647957900,0.8,574,286.0,2022-03-22 14:05:00+00:00,2022-03-22 14:05:00+00:00,1
1647958200,0.8,574,287.0,2022-03-22 14:10:00+00:00,2022-03-22 14:10:00+00:00,1
1647958500,1.0,574,287.0,2022-03-22 14:15:00+00:00,2022-03-22 14:15:00+00:00,1
1647958800,0.6,574,284.0,2022-03-22 14:20:00+00:00,2022-03-22 14:20:00+00:00,1
1647959100,0.6,574,284.0,2022-03-22 14:25:00+00:00,2022-03-22 14:25:00+00:00,1
1647959400,0.6,574,284.0,2022-03-22 14:30:00+00:00,2022-03-22 14:30:00+00:00,1
1647959700,1.2,574,284.0,2022-03-22 14:35:00+00:00,2022-03-22 14:35:00+00:00,1
1647960000,0.4,574,281.0,2022-03-22 14:40:00+00:00,2022-03-22 14:40:00+00:00,1
1647960300,1.4,574,281.0,2022-03-22 14:45:00+00:00,2022-03-22 14:45:00+00:00,1
1647960600,1.4,574,284.0,2022-03-22 14:50:00+00:00,2022-03-22 14:50:00+00:00,1
1647960900,1.0,574,284.0,2022-03-22 14:55:00+00:00,2022-03-22 14:55:00+00:00,1
1647961200,1.0,574,277.0,2022-03-22 15:00:00+00:00,2022-03-22 15:00:00+00:00,1
1647961500,0.6,574,277.0,2022-03-22 15:05:00+00:00,2022-03-22 15:05:00+00:00,1
1647961800,0.4,574,294.0,2022-03-22 15:10:00+00:00,2022-03-22 15:10:00+00:00,1
1647962100,1.2,574,294.0,2022-03-22 15:15:00+00:00,2022-03-22 15:15:00+00:00,1
1647962400,1.6,574,297.0,2022-03-22 15:20:00+00:00,2022-03-22 15:20:00+00:00,1
1647962700,1.2,574,297.0,2022-03-22 15:25:00+00:00,2022-03-22 15:25:00+00:00,1
1647963000,1.2,574,295.0,2022-03-22 15:30:00+00:00,2022-03-22 15:30:00+00:00,1
1647963300,1.6,670,295.0,2022-03-22 15:35:00+00:00,2022-03-22 15:35:00+00:00,1
1647963600,0.8,670,317.0,2022-03-22 15:40:00+00:00,2022-03-22 15:40:00+00:00,0
1647963900,0.8,670,317.0,2022-03-22 15:45:00+00:00,2022-03-22 15:45:00+00:00,0
1647964200,1.2,670,342.0,2022-03-22 15:50:00+00:00,2022-03-22 15:50:00+00:00,0
1647964500,1.4,670,342.0,2022-03-22 15:55:00+00:00,2022-03-22 15:55:00+00:00,0
1647964800,1.2,670,373.0,2022-03-22 16:00:00+00:00,2022-03-22 16:00:00+00:00,0
1647965100,1.8,670,373.0,2022-03-22 16:05:00+00:00,2022-03-22 16:05:00+00:00,0
1647965400,0.8,670,371.0,2022-03-22 16:10:00+00:00,2022-03-22 16:10:00+00:00,0
1647965700,1.0,670,371.0,2022-03-22 16:15:00+00:00,2022-03-22 16:15:00+00:00,0
1647966000,0.8,670,369.0,2022-03-22 16:20:00+00:00,2022-03-22 16:20:00+00:00,0
1647966300,1.4,670,369.0,2022-03-22 16:25:00+00:00,2022-03-22 16:25:00+00:00,0
1647966600,1.0,670,375.0,2022-03-22 16:30:00+00:00,2022-03-22 16:30:00+00:00,0
1647966900,0.2,670,375.0,2022-03-22 16:35:00+00:00,2022-03-22 16:35:00+00:00,0
1647967200,0.8,670,383.0,2022-03-22 16:40:00+00:00,2022-03-22 16:40:00+00:00,0
1647967500,1.0,670,383.0,2022-03-22 16:45:00+00:00,2022-03-22 16:45:00+00:00,0
1647967800,1.0,670,375.0,2022-03-22 16:50:00+00:00,2022-03-22 16:50:00+00:00,0
1647968100,1.0,670,375.0,2022-03-22 16:55:00+00:00,2022-03-22 16:55:00+00:00,0
1647968400,1.2,670,383.0,2022-03-22 17:00:00+00:00,2022-03-22 17:00:00+00:00,0
1647968700,1.0,670,383.0,2022-03-22 17:05:00+00:00,2022-03-22 17:05:00+00:00,0
1647969000,1.4,670,384.0,2022-03-22 17:10:00+00:00,2022-03-22 17:10:00+00:00,0
1647969300,0.4,670,384.0,2022-03-22 17:15:00+00:00,2022-03-22 17:15:00+00:00,0
1647969600,1.8,670,388.0,2022-03-22 17:20:00+00:00,2022-03-22 17:20:00+00:00,0
1647969900,1.0,670,388.0,2022-03-22 17:25:00+00:00,2022-03-22 17:25:00+00:00,0
1647970200,2.0,670,385.0,2022-03-22 17:30:00+00:00,2022-03-22 17:30:00+00:00,0
1647970500,1.6,670,385.0,2022-03-22 17:35:00+00:00,2022-03-22 17:35:00+00:00,0
1647970800,1.0,670,383.0,2022-03-22 17:40:00+00:00,2022-03-22 17:40:00+00:00,0
1647971100,1.2,670,383.0,2022-03-22 17:45:00+00:00,2022-03-22 17:45:00+00:00,0
1647971400,1.8,670,383.0,2022-03-22 17:50:00+00:00,2022-03-22 17:50:00+00:00,0
1647971700,2.0,670,383.0,2022-03-22 17:55:00+00:00,2022-03-22 17:55:00+00:00,0
1647972000,1.2,670,377.0,2022-03-22 18:00:00+00:00,2022-03-22 18:00:00+00:00,0
1647972300,1.6,670,377.0,2022-03-22 18:05:00+00:00,2022-03-22 18:05:00+00:00,0
1647972600,1.6,670,388.0,2022-03-22 18:10:00+00:00,2022-03-22 18:10:00+00:00,0
1647972900,2.4,670,388.0,2022-03-22 18:15:00+00:00,2022-03-22 18:15:00+00:00,0
1647973200,1.2,670,387.0,2022-03-22 18:20:00+00:00,2022-03-22 18:20:00+00:00,0
1647973500,2.2,670,387.0,2022-03-22 18:25:00+00:00,2022-03-22 18:25:00+00:00,0
1647973800,1.2,670,383.0,2022-03-22 18:30:00+00:00,2022-03-22 18:30:00+00:00,0
1647974100,2.2,670,383.0,2022-03-22 18:35:00+00:00,2022-03-22 18:35:00+00:00,0
1647974400,1.6,670,386.0,2022-03-22 18:40:00+00:00,2022-03-22 18:40:00+00:00,0
1647974700,1.2,670,386.0,2022-03-22 18:45:00+00:00,2022-03-22 18:45:00+00:00,0
1647975000,1.4,670,384.0,2022-03-22 18:50:00+00:00,2022-03-22 18:50:00+00:00,0
1647975300,2.0,670,384.0,2022-03-22 18:55:00+00:00,2022-03-22 18:55:00+00:00,0
1647975600,2.6,670,380.0,2022-03-22 19:00:00+00:00,2022-03-22 19:00:00+00:00,0
1647975900,1.4,670,380.0,2022-03-22 19:05:00+00:00,2022-03-22 19:05:00+00:00,0
1647976200,1.8,670,381.0,2022-03-22 19:10:00+00:00,2022-03-22 19:10:00+00:00,0
1647976500,1.8,670,381.0,2022-03-22 19:15:00+00:00,2022-03-22 19:15:00+00:00,0
1647976800,3.0,670,384.0,2022-03-22 19:20:00+00:00,2022-03-22 19:20:00+00:00,0
1647977100,1.6,670,384.0,2022-03-22 19:25:00+00:00,2022-03-22 19:25:00+00:00,0
1647977400,1.2,670,385.0,2022-03-22 19:30:00+00:00,2022-03-22 19:30:00+00:00,0
1647977700,1.0,670,385.0,2022-03-22 19:35:00+00:00,2022-03-22 19:35:00+00:00,0
1647978000,1.0,670,379.0,2022-03-22 19:40:00+00:00,2022-03-22 19:40:00+00:00,0
1647978300,2.8,670,379.0,2022-03-22 19:45:00+00:00,2022-03-22 19:45:00+00:00,0
1647978600,2.0,670,389.0,2022-03-22 19:50:00+00:00,2022-03-22 19:50:00+00:00,0
1647978900,2.6,670,389.0,2022-03-22 19:55:00+00:00,2022-03-22 19:55:00+00:00,0
1647979200,1.2,670,383.0,2022-03-22 20:00:00+00:00,2022-03-22 20:00:00+00:00,0
1647979500,1.8,670,383.0,2022-03-22 20:05:00+00:00,2022-03-22 20:05:00+00:00,0
1647979800,1.2,670,388.0,2022-03-22 20:10:00+00:00,2022-03-22 20:10:00+00:00,0
1647980100,1.6,670,388.0,2022-03-22 20:15:00+00:00,2022-03-22 20:15:00+00:00,0
1647980400,1.4,670,387.0,2022-03-22 20:20:00+00:00,2022-03-22 20:20:00+00:00,0
1647980700,1.0,670,387.0,2022-03-22 20:25:00+00:00,2022-03-22 20:25:00+00:00,0
1647981000,1.6,670,373.0,2022-03-22 20:30:00+00:00,2022-03-22 20:30:00+00:00,0
1647981300,2.4,670,373.0,2022-03-22 20:35:00+00:00,2022-03-22 20:35:00+00:00,0
1647981600,0.8,670,383.0,2022-03-22 20:40:00+00:00,2022-03-22 20:40:00+00:00,0
1647981900,1.0,670,383.0,2022-03-22 20:45:00+00:00,2022-03-22 20:45:00+00:00,0
1647982200,1.0,670,383.0,2022-03-22 20:50:00+00:00,2022-03-22 20:50:00+00:00,0
1647982500,1.2,670,383.0,2022-03-22 20:55:00+00:00,2022-03-22 20:55:00+00:00,0
1647982800,2.0,670,394.0,2022-03-22 21:00:00+00:00,2022-03-22 21:00:00+00:00,0
1647983100,1.6,670,394.0,2022-03-22 21:05:00+00:00,2022-03-22 21:05:00+00:00,0
1647983400,1.8,670,391.0,2022-03-22 21:10:00+00:00,2022-03-22 21:10:00+00:00,0
1647983700,2.0,670,391.0,2022-03-22 21:15:00+00:00,2022-03-22 21:15:00+00:00,0
1647984000,1.8,670,389.0,2022-03-22 21:20:00+00:00,2022-03-22 21:20:00+00:00,0
1647984300,2.6,670,389.0,2022-03-22 21:25:00+00:00,2022-03-22 21:25:00+00:00,0
1647984600,1.6,670,384.0,2022-03-22 21:30:00+00:00,2022-03-22 21:30:00+00:00,0
1647984900,2.2,670,384.0,2022-03-22 21:35:00+00:00,2022-03-22 21:35:00+00:00,0
1647985200,2.0,670,391.0,2022-03-22 21:40:00+00:00,2022-03-22 21:40:00+00:00,0
1647985500,2.4,670,391.0,2022-03-22 21:45:00+00:00,2022-03-22 21:45:00+00:00,0
1647985800,1.2,670,379.0,2022-03-22 21:50:00+00:00,2022-03-22 21:50:00+00:00,0
1647986100,2.0,670,379.0,2022-03-22 21:55:00+00:00,2022-03-22 21:55:00+00:00,0
1647986400,1.8,670,381.0,2022-03-22 22:00:00+00:00,2022-03-22 22:00:00+00:00,0
1647986700,2.2,670,381.0,2022-03-22 22:05:00+00:00,2022-03-22 22:05:00+00:00,0
1647987000,2.8,670,374.0,2022-03-22 22:10:00+00:00,2022-03-22 22:10:00+00:00,0
1647987300,2.0,670,374.0,2022-03-22 22:15:00+00:00,2022-03-22 22:15:00+00:00,0
1647987600,0.8,670,374.0,2022-03-22 22:20:00+00:00,2022-03-22 22:20:00+00:00,0
1647987900,2.4,670,374.0,2022-03-22 22:25:00+00:00,2022-03-22 22:25:00+00:00,0
1647988200,2.0,670,385.0,2022-03-22 22:30:00+00:00,2022-03-22 22:30:00+00:00,0
1647988500,2.6,670,385.0,2022-03-22 22:35:00+00:00,2022-03-22 22:35:00+00:00,0
1647988800,2.2,670,383.0,2022-03-22 22:40:00+00:00,2022-03-22 22:40:00+00:00,0
1647989100,2.0,670,383.0,2022-03-22 22:45:00+00:00,2022-03-22 22:45:00+00:00,0
1647989400,1.8,670,393.0,2022-03-22 22:50:00+00:00,2022-03-22 22:50:00+00:00,0
1647989700,1.6,670,393.0,2022-03-22 22:55:00+00:00,2022-03-22 22:55:00+00:00,0
1647990000,2.0,670,380.0,2022-03-22 23:00:00+00:00,2022-03-22 23:00:00+00:00,0
1647990300,1.4,670,380.0,2022-03-22 23:05:00+00:00,2022-03-22 23:05:00+00:00,0
1647990600,1.6,670,384.0,2022-03-22 23:10:00+00:00,2022-03-22 23:10:00+00:00,0
1647990900,1.8,670,384.0,2022-03-22 23:15:00+00:00,2022-03-22 23:15:00+00:00,0
1647991200,1.8,669,382.0,2022-03-22 23:20:00+00:00,2022-03-22 23:20:00+00:00,0
1647991500,2.0,669,382.0,2022-03-22 23:25:00+00:00,2022-03-22 23:25:00+00:00,0
1647991800,1.8,669,385.0,2022-03-22 23:30:00+00:00,2022-03-22 23:30:00+00:00,0
1647992100,1.0,669,385.0,2022-03-22 23:35:00+00:00,2022-03-22 23:35:00+00:00,0
1647992400,1.6,669,380.0,2022-03-22 23:40:00+00:00,2022-03-22 23:40:00+00:00,0
1647992700,1.8,669,380.0,2022-03-22 23:45:00+00:00,2022-03-22 23:45:00+00:00,0
1647993000,2.0,669,368.0,2022-03-22 23:50:00+00:00,2022-03-22 23:50:00+00:00,0
1647993300,2.0,669,368.0,2022-03-22 23:55:00+00:00,2022-03-22 23:55:00+00:00,0
1647993600,2.4,669,383.0,2022-03-23 00:00:00+00:00,2022-03-23 00:00:00+00:00,0
1647993900,2.2,669,383.0,2022-03-23 00:05:00+00:00,2022-03-23 00:05:00+00:00,0
1647994200,1.6,669,383.0,2022-03-23 00:10:00+00:00,2022-03-23 00:10:00+00:00,0
1647994500,1.6,669,383.0,2022-03-23 00:15:00+00:00,2022-03-23 00:15:00+00:00,0
1647994800,3.4,669,378.0,2022-03-23 00:20:00+00:00,2022-03-23 00:20:00+00:00,0
1647995100,2.0,669,378.0,2022-03-23 00:25:00+00:00,2022-03-23 00:25:00+00:00,0
1647995400,1.6,669,373.0,2022-03-23 00:30:00+00:00,2022-03-23 00:30:00+00:00,0
1647995700,2.6,669,373.0,2022-03-23 00:35:00+00:00,2022-03-23 00:35:00+00:00,0
1647996000,2.0,669,372.0,2022-03-23 00:40:00+00:00,2022-03-23 00:40:00+00:00,0
1647996300,1.4,669,372.0,2022-03-23 00:45:00+00:00,2022-03-23 00:45:00+00:00,0
1647996600,2.2,669,378.0,2022-03-23 00:50:00+00:00,2022-03-23 00:50:00+00:00,0
1647996900,1.8,670,378.0,2022-03-23 00:55:00+00:00,2022-03-23 00:55:00+00:00,0
1647997200,2.6,670,371.0,2022-03-23 01:00:00+00:00,2022-03-23 01:00:00+00:00,0
1647997500,1.8,670,371.0,2022-03-23 01:05:00+00:00,2022-03-23 01:05:00+00:00,0
1647997800,1.6,670,380.0,2022-03-23 01:10:00+00:00,2022-03-23 01:10:00+00:00,0
1647998100,1.8,670,380.0,2022-03-23 01:15:00+00:00,2022-03-23 01:15:00+00:00,0
1647998400,1.8,670,360.0,2022-03-23 01:20:00+00:00,2022-03-23 01:20:00+00:00,0
1647998700,1.4,670,360.0,2022-03-23 01:25:00+00:00,2022-03-23 01:25:00+00:00,0
1647999000,1.8,670,370.0,2022-03-23 01:30:00+00:00,2022-03-23 01:30:00+00:00,0
1647999300,2.4,670,370.0,2022-03-23 01:35:00+00:00,2022-03-23 01:35:00+00:00,0
1647999600,1.6,670,374.0,2022-03-23 01:40:00+00:00,2022-03-23 01:40:00+00:00,0
1647999900,2.0,670,374.0,2022-03-23 01:45:00+00:00,2022-03-23 01:45:00+00:00,0
1648000200,1.2,670,381.0,2022-03-23 01:50:00+00:00,2022-03-23 01:50:00+00:00,0
1648000500,1.8,670,381.0,2022-03-23 01:55:00+00:00,2022-03-23 01:55:00+00:00,0
1648000800,1.8,670,385.0,2022-03-23 02:00:00+00:00,2022-03-23 02:00:00+00:00,0
1648001100,1.8,670,385.0,2022-03-23 02:05:00+00:00,2022-03-23 02:05:00+00:00,0
1648001400,2.0,670,375.0,2022-03-23 02:10:00+00:00,2022-03-23 02:10:00+00:00,0
1648001700,2.2,670,375.0,2022-03-23 02:15:00+00:00,2022-03-23 02:15:00+00:00,0
1648002000,2.0,670,368.0,2022-03-23 02:20:00+00:00,2022-03-23 02:20:00+00:00,0
1648002300,2.4,670,368.0,2022-03-23 02:25:00+00:00,2022-03-23 02:25:00+00:00,0
1648002600,1.8,670,379.0,2022-03-23 02:30:00+00:00,2022-03-23 02:30:00+00:00,0
1648002900,1.2,670,379.0,2022-03-23 02:35:00+00:00,2022-03-23 02:35:00+00:00,0
1648003200,2.0,670,376.0,2022-03-23 02:40:00+00:00,2022-03-23 02:40:00+00:00,0
1648003500,1.0,670,376.0,2022-03-23 02:45:00+00:00,2022-03-23 02:45:00+00:00,0
1648003800,2.2,670,372.0,2022-03-23 02:50:00+00:00,2022-03-23 02:50:00+00:00,0
1648004100,1.8,670,372.0,2022-03-23 02:55:00+00:00,2022-03-23 02:55:00+00:00,0
1648004400,1.6,670,385.0,2022-03-23 03:00:00+00:00,2022-03-23 03:00:00+00:00,0
1648004700,2.0,670,385.0,2022-03-23 03:05:00+00:00,2022-03-23 03:05:00+00:00,0
1648005000,1.6,670,380.0,2022-03-23 03:10:00+00:00,2022-03-23 03:10:00+00:00,0
1648005300,2.4,670,380.0,2022-03-23 03:15:00+00:00,2022-03-23 03:15:00+00:00,0
1648005600,1.6,670,390.0,2022-03-23 03:20:00+00:00,2022-03-23 03:20:00+00:00,0
1648005900,1.8,670,390.0,2022-03-23 03:25:00+00:00,2022-03-23 03:25:00+00:00,0
1648006200,2.2,670,386.0,2022-03-23 03:30:00+00:00,2022-03-23 03:30:00+00:00,0
1648006500,1.4,670,386.0,2022-03-23 03:35:00+00:00,2022-03-23 03:35:00+00:00,0
1648006800,2.4,670,380.0,2022-03-23 03:40:00+00:00,2022-03-23 03:40:00+00:00,0
1648007100,1.6,670,380.0,2022-03-23 03:45:00+00:00,2022-03-23 03:45:00+00:00,0
1648007400,2.2,670,380.0,2022-03-23 03:50:00+00:00,2022-03-23 03:50:00+00:00,0
1648007700,1.8,670,380.0,2022-03-23 03:55:00+00:00,2022-03-23 03:55:00+00:00,0
1648008000,2.4,670,376.0,2022-03-23 04:00:00+00:00,2022-03-23 04:00:00+00:00,0
1648008300,2.2,670,376.0,2022-03-23 04:05:00+00:00,2022-03-23 04:05:00+00:00,0
1648008600,1.8,670,369.0,2022-03-23 04:10:00+00:00,2022-03-23 04:10:00+00:00,0
1648008900,1.8,670,369.0,2022-03-23 04:15:00+00:00,2022-03-23 04:15:00+00:00,0
1648009200,2.0,670,369.0,2022-03-23 04:20:00+00:00,2022-03-23 04:20:00+00:00,0
1648009500,0.0,670,369.0,2022-03-23 04:25:00+00:00,2022-03-23 04:25:00+00:00,0
1648009800,0.4,670,380.0,2022-03-23 04:30:00+00:00,2022-03-23 04:30:00+00:00,0
1648010100,0.4,670,380.0,2022-03-23 04:35:00+00:00,2022-03-23 04:35:00+00:00,0
1648010400,0.2,670,386.0,2022-03-23 04:40:00+00:00,2022-03-23 04:40:00+00:00,0
1648010700,0.2,670,386.0,2022-03-23 04:45:00+00:00,2022-03-23 04:45:00+00:00,0
1648011000,0.4,670,381.0,2022-03-23 04:50:00+00:00,2022-03-23 04:50:00+00:00,0
1648011300,0.4,670,381.0,2022-03-23 04:55:00+00:00,2022-03-23 04:55:00+00:00,0
1648011600,0.6666666666666666,670,367.0,2022-03-23 05:00:00+00:00,2022-03-23 05:00:00+00:00,0
1648011900,0.6,670,367.0,2022-03-23 05:05:00+00:00,2022-03-23 05:05:00+00:00,0
1648012200,0.4,670,378.0,2022-03-23 05:10:00+00:00,2022-03-23 05:10:00+00:00,0
1648012500,0.4,670,378.0,2022-03-23 05:15:00+00:00,2022-03-23 05:15:00+00:00,0
1648012800,0.6,670,381.0,2022-03-23 05:20:00+00:00,2022-03-23 05:20:00+00:00,0
1648013100,0.8,670,381.0,2022-03-23 05:25:00+00:00,2022-03-23 05:25:00+00:00,0
1648013400,2.2,670,388.0,2022-03-23 05:30:00+00:00,2022-03-23 05:30:00+00:00,0
1648013700,0.8,670,388.0,2022-03-23 05:35:00+00:00,2022-03-23 05:35:00+00:00,0
1648014000,1.0,670,383.0,2022-03-23 05:40:00+00:00,2022-03-23 05:40:00+00:00,0
1648014300,0.0,670,383.0,2022-03-23 05:45:00+00:00,2022-03-23 05:45:00+00:00,0
1648014600,1.4,670,390.0,2022-03-23 05:50:00+00:00,2022-03-23 05:50:00+00:00,0
1648014900,0.4,670,390.0,2022-03-23 05:55:00+00:00,2022-03-23 05:55:00+00:00,0
1648015200,0.4,670,383.0,2022-03-23 06:00:00+00:00,2022-03-23 06:00:00+00:00,0
1648015500,0.4,670,383.0,2022-03-23 06:05:00+00:00,2022-03-23 06:05:00+00:00,0
1648015800,0.0,670,383.0,2022-03-23 06:10:00+00:00,2022-03-23 06:10:00+00:00,0
1648016100,0.6,670,383.0,2022-03-23 06:15:00+00:00,2022-03-23 06:15:00+00:00,0
1648016400,0.0,670,383.0,2022-03-23 06:20:00+00:00,2022-03-23 06:20:00+00:00,0
1648016700,1.4,670,383.0,2022-03-23 06:25:00+00:00,2022-03-23 06:25:00+00:00,0
1648017000,1.8,670,380.0,2022-03-23 06:30:00+00:00,2022-03-23 06:30:00+00:00,0
1648017300,1.6,670,380.0,2022-03-23 06:35:00+00:00,2022-03-23 06:35:00+00:00,0
1648017600,0.2,670,385.0,2022-03-23 06:40:00+00:00,2022-03-23 06:40:00+00:00,0
1648017900,0.2,670,385.0,2022-03-23 06:45:00+00:00,2022-03-23 06:45:00+00:00,0
1648018200,1.4,670,393.0,2022-03-23 06:50:00+00:00,2022-03-23 06:50:00+00:00,0
1648018500,2.0,670,393.0,2022-03-23 06:55:00+00:00,2022-03-23 06:55:00+00:00,0
1648018800,2.0,670,390.0,2022-03-23 07:00:00+00:00,2022-03-23 07:00:00+00:00,0
1648019100,1.6,670,390.0,2022-03-23 07:05:00+00:00,2022-03-23 07:05:00+00:00,0
1648019400,2.6,670,398.0,2022-03-23 07:10:00+00:00,2022-03-23 07:10:00+00:00,0
1648019700,1.8,670,398.0,2022-03-23 07:15:00+00:00,2022-03-23 07:15:00+00:00,0
1648020000,1.6,670,377.0,2022-03-23 07:20:00+00:00,2022-03-23 07:20:00+00:00,0
1648020300,1.8,670,377.0,2022-03-23 07:25:00+00:00,2022-03-23 07:25:00+00:00,0
1648020600,2.2,670,395.0,2022-03-23 07:30:00+00:00,2022-03-23 07:30:00+00:00,0
1648020900,1.8,670,395.0,2022-03-23 07:35:00+00:00,2022-03-23 07:35:00+00:00,0
1648021200,1.8,670,374.0,2022-03-23 07:40:00+00:00,2022-03-23 07:40:00+00:00,0
1648021500,2.2,670,374.0,2022-03-23 07:45:00+00:00,2022-03-23 07:45:00+00:00,0
1648021800,1.6,670,385.0,2022-03-23 07:50:00+00:00,2022-03-23 07:50:00+00:00,0
1648022100,1.6,670,385.0,2022-03-23 07:55:00+00:00,2022-03-23 07:55:00+00:00,0
1648022400,1.6,670,385.0,2022-03-23 08:00:00+00:00,2022-03-23 08:00:00+00:00,0
1648022700,2.4,670,385.0,2022-03-23 08:05:00+00:00,2022-03-23 08:05:00+00:00,0
1648023000,2.0,670,381.0,2022-03-23 08:10:00+00:00,2022-03-23 08:10:00+00:00,0
1648023300,1.2,670,381.0,2022-03-23 08:15:00+00:00,2022-03-23 08:15:00+00:00,0
1648023600,1.6,670,390.0,2022-03-23 08:20:00+00:00,2022-03-23 08:20:00+00:00,0
1648023900,2.0,670,390.0,2022-03-23 08:25:00+00:00,2022-03-23 08:25:00+00:00,0
1648024200,2.0,670,380.0,2022-03-23 08:30:00+00:00,2022-03-23 08:30:00+00:00,0
1648024500,1.8,670,380.0,2022-03-23 08:35:00+00:00,2022-03-23 08:35:00+00:00,0
1648024800,1.6,670,387.0,2022-03-23 08:40:00+00:00,2022-03-23 08:40:00+00:00,0
1648025100,1.2,670,387.0,2022-03-23 08:45:00+00:00,2022-03-23 08:45:00+00:00,0
1648025400,1.6,670,398.0,2022-03-23 08:50:00+00:00,2022-03-23 08:50:00+00:00,0
1648025700,1.8,670,398.0,2022-03-23 08:55:00+00:00,2022-03-23 08:55:00+00:00,0
1648026000,1.4,670,359.0,2022-03-23 09:00:00+00:00,2022-03-23 09:00:00+00:00,0
1648026300,2.0,666,359.0,2022-03-23 09:05:00+00:00,2022-03-23 09:05:00+00:00,0
1648026600,1.0,654,286.0,2022-03-23 09:10:00+00:00,2022-03-23 09:10:00+00:00,1
1648026900,1.4,574,286.0,2022-03-23 09:15:00+00:00,2022-03-23 09:15:00+00:00,1
1648027200,1.8,574,275.0,2022-03-23 09:20:00+00:00,2022-03-23 09:20:00+00:00,1
1648027500,2.0,574,275.0,2022-03-23 09:25:00+00:00,2022-03-23 09:25:00+00:00,1
1648027800,1.6,574,275.0,2022-03-23 09:30:00+00:00,2022-03-23 09:30:00+00:00,1
1648028100,1.2,574,275.0,2022-03-23 09:35:00+00:00,2022-03-23 09:35:00+00:00,1
1648028400,1.0,574,279.0,2022-03-23 09:40:00+00:00,2022-03-23 09:40:00+00:00,1
1648028700,2.0,574,279.0,2022-03-23 09:45:00+00:00,2022-03-23 09:45:00+00:00,1
1648029000,1.0,574,279.0,2022-03-23 09:50:00+00:00,2022-03-23 09:50:00+00:00,1
1648029300,1.8,574,279.0,2022-03-23 09:55:00+00:00,2022-03-23 09:55:00+00:00,1
1648029600,1.8,574,281.0,2022-03-23 10:00:00+00:00,2022-03-23 10:00:00+00:00,1
1648029900,1.0,574,281.0,2022-03-23 10:05:00+00:00,2022-03-23 10:05:00+00:00,1
1648030200,1.2,574,275.0,2022-03-23 10:10:00+00:00,2022-03-23 10:10:00+00:00,1
1648030500,1.4,574,275.0,2022-03-23 10:15:00+00:00,2022-03-23 10:15:00+00:00,1
1648030800,1.6,574,269.0,2022-03-23 10:20:00+00:00,2022-03-23 10:20:00+00:00,1
1648031100,1.6,574,269.0,2022-03-23 10:25:00+00:00,2022-03-23 10:25:00+00:00,1
1648031400,1.4,574,283.0,2022-03-23 10:30:00+00:00,2022-03-23 10:30:00+00:00,1
1648031700,1.6,574,283.0,2022-03-23 10:35:00+00:00,2022-03-23 10:35:00+00:00,1
1648032000,2.0,574,291.0,2022-03-23 10:40:00+00:00,2022-03-23 10:40:00+00:00,1
1648032300,2.0,574,291.0,2022-03-23 10:45:00+00:00,2022-03-23 10:45:00+00:00,1
1648032600,2.0,574,297.0,2022-03-23 10:50:00+00:00,2022-03-23 10:50:00+00:00,1
1648032900,1.2,574,297.0,2022-03-23 10:55:00+00:00,2022-03-23 10:55:00+00:00,1
1648033200,1.6,574,291.0,2022-03-23 11:00:00+00:00,2022-03-23 11:00:00+00:00,1
1648033500,1.4,574,291.0,2022-03-23 11:05:00+00:00,2022-03-23 11:05:00+00:00,1
1648033800,2.0,574,288.0,2022-03-23 11:10:00+00:00,2022-03-23 11:10:00+00:00,1
1648034100,1.4,574,288.0,2022-03-23 11:15:00+00:00,2022-03-23 11:15:00+00:00,1
1648034400,1.4,574,279.0,2022-03-23 11:20:00+00:00,2022-03-23 11:20:00+00:00,1
1648034700,1.6,574,279.0,2022-03-23 11:25:00+00:00,2022-03-23 11:25:00+00:00,1
1648035000,1.2,574,286.0,2022-03-23 11:30:00+00:00,2022-03-23 11:30:00+00:00,1
1648035300,1.0,574,286.0,2022-03-23 11:35:00+00:00,2022-03-23 11:35:00+00:00,1
1648035600,1.6,574,276.0,2022-03-23 11:40:00+00:00,2022-03-23 11:40:00+00:00,1
1648035900,1.6,574,276.0,2022-03-23 11:45:00+00:00,2022-03-23 11:45:00+00:00,1
1648036200,1.0,574,285.0,2022-03-23 11:50:00+00:00,2022-03-23 11:50:00+00:00,1
1648036500,1.6,574,285.0,2022-03-23 11:55:00+00:00,2022-03-23 11:55:00+00:00,1
1648036800,2.0,574,284.0,2022-03-23 12:00:00+00:00,2022-03-23 12:00:00+00:00,1
1648037100,1.8,574,284.0,2022-03-23 12:05:00+00:00,2022-03-23 12:05:00+00:00,1
1648037400,1.2,574,274.0,2022-03-23 12:10:00+00:00,2022-03-23 12:10:00+00:00,1
1648037700,1.4,574,274.0,2022-03-23 12:15:00+00:00,2022-03-23 12:15:00+00:00,1
1648038000,1.4,574,289.0,2022-03-23 12:20:00+00:00,2022-03-23 12:20:00+00:00,1
1648038300,2.4,574,289.0,2022-03-23 12:25:00+00:00,2022-03-23 12:25:00+00:00,1
1648038600,1.6,574,275.0,2022-03-23 12:30:00+00:00,2022-03-23 12:30:00+00:00,1
1648038900,1.4,574,275.0,2022-03-23 12:35:00+00:00,2022-03-23 12:35:00+00:00,1
1648039200,1.8,574,280.0,2022-03-23 12:40:00+00:00,2022-03-23 12:40:00+00:00,1
1648039500,1.2,574,280.0,2022-03-23 12:45:00+00:00,2022-03-23 12:45:00+00:00,1
1648039800,2.0,574,283.0,2022-03-23 12:50:00+00:00,2022-03-23 12:50:00+00:00,1
1648040100,0.8,574,283.0,2022-03-23 12:55:00+00:00,2022-03-23 12:55:00+00:00,1
1648040400,2.0,574,287.0,2022-03-23 13:00:00+00:00,2022-03-23 13:00:00+00:00,1
1648040700,1.8,574,287.0,2022-03-23 13:05:00+00:00,2022-03-23 13:05:00+00:00,1
1648041000,1.6,574,278.0,2022-03-23 13:10:00+00:00,2022-03-23 13:10:00+00:00,1
1648041300,1.4,574,278.0,2022-03-23 13:15:00+00:00,2022-03-23 13:15:00+00:00,1
1648041600,1.8,574,284.0,2022-03-23 13:20:00+00:00,2022-03-23 13:20:00+00:00,1
1648041900,1.0,574,284.0,2022-03-23 13:25:00+00:00,2022-03-23 13:25:00+00:00,1
1648042200,1.2,574,273.0,2022-03-23 13:30:00+00:00,2022-03-23 13:30:00+00:00,1
1648042500,2.0,574,273.0,2022-03-23 13:35:00+00:00,2022-03-23 13:35:00+00:00,1
1648042800,1.8,574,267.0,2022-03-23 13:40:00+00:00,2022-03-23 13:40:00+00:00,1
1648043100,1.4,574,267.0,2022-03-23 13:45:00+00:00,2022-03-23 13:45:00+00:00,1
1648043400,1.8,574,275.0,2022-03-23 13:50:00+00:00,2022-03-23 13:50:00+00:00,1
1648043700,1.0,574,275.0,2022-03-23 13:55:00+00:00,2022-03-23 13:55:00+00:00,1
1648044000,1.4,574,268.0,2022-03-23 14:00:00+00:00,2022-03-23 14:00:00+00:00,1
1648044300,1.4,574,268.0,2022-03-23 14:05:00+00:00,2022-03-23 14:05:00+00:00,1
1648044600,1.2,574,285.0,2022-03-23 14:10:00+00:00,2022-03-23 14:10:00+00:00,1
1648044900,1.4,574,285.0,2022-03-23 14:15:00+00:00,2022-03-23 14:15:00+00:00,1
1648045200,1.4,662,323.0,2022-03-23 14:20:00+00:00,2022-03-23 14:20:00+00:00,1
1648045500,1.8,670,323.0,2022-03-23 14:25:00+00:00,2022-03-23 14:25:00+00:00,0
1648045800,2.4,670,353.0,2022-03-23 14:30:00+00:00,2022-03-23 14:30:00+00:00,0
1648046100,1.4,670,353.0,2022-03-23 14:35:00+00:00,2022-03-23 14:35:00+00:00,0
1648046400,1.8,670,357.0,2022-03-23 14:40:00+00:00,2022-03-23 14:40:00+00:00,0
1648046700,1.8,670,357.0,2022-03-23 14:45:00+00:00,2022-03-23 14:45:00+00:00,0
1648047000,0.8,670,339.0,2022-03-23 14:50:00+00:00,2022-03-23 14:50:00+00:00,0
1648047300,0.2,670,339.0,2022-03-23 14:55:00+00:00,2022-03-23 14:55:00+00:00,0
1648047600,0.4,670,304.0,2022-03-23 15:00:00+00:00,2022-03-23 15:00:00+00:00,0
1648047900,0.8,670,304.0,2022-03-23 15:05:00+00:00,2022-03-23 15:05:00+00:00,0
1648048200,0.0,670,318.0,2022-03-23 15:10:00+00:00,2022-03-23 15:10:00+00:00,0
1648048500,0.4,670,318.0,2022-03-23 15:15:00+00:00,2022-03-23 15:15:00+00:00,0
1648048800,0.8,670,322.0,2022-03-23 15:20:00+00:00,2022-03-23 15:20:00+00:00,0
1648049100,0.6,670,322.0,2022-03-23 15:25:00+00:00,2022-03-23 15:25:00+00:00,0
1648049400,0.6,670,314.0,2022-03-23 15:30:00+00:00,2022-03-23 15:30:00+00:00,0
1648049700,0.4,670,314.0,2022-03-23 15:35:00+00:00,2022-03-23 15:35:00+00:00,0
1648050000,0.6,670,322.0,2022-03-23 15:40:00+00:00,2022-03-23 15:40:00+00:00,0
1648050300,0.8,670,322.0,2022-03-23 15:45:00+00:00,2022-03-23 15:45:00+00:00,0
1648050600,0.2,670,321.0,2022-03-23 15:50:00+00:00,2022-03-23 15:50:00+00:00,0
1648050900,0.2,670,321.0,2022-03-23 15:55:00+00:00,2022-03-23 15:55:00+00:00,0
1648051200,0.75,670,329.0,2022-03-23 16:00:00+00:00,2022-03-23 16:00:00+00:00,0
1648051500,0.6,670,329.0,2022-03-23 16:05:00+00:00,2022-03-23 16:05:00+00:00,0
1648051800,1.8,670,322.0,2022-03-23 16:10:00+00:00,2022-03-23 16:10:00+00:00,0
1648052100,1.6,670,322.0,2022-03-23 16:15:00+00:00,2022-03-23 16:15:00+00:00,0
1648052400,1.0,670,328.0,2022-03-23 16:20:00+00:00,2022-03-23 16:20:00+00:00,0
1648052700,1.2,670,328.0,2022-03-23 16:25:00+00:00,2022-03-23 16:25:00+00:00,0
1648053000,1.8,670,324.0,2022-03-23 16:30:00+00:00,2022-03-23 16:30:00+00:00,0
1648053300,0.4,670,324.0,2022-03-23 16:35:00+00:00,2022-03-23 16:35:00+00:00,0
1648053600,0.6,670,330.0,2022-03-23 16:40:00+00:00,2022-03-23 16:40:00+00:00,0
1648053900,1.0,670,330.0,2022-03-23 16:45:00+00:00,2022-03-23 16:45:00+00:00,0
1648054200,0.2,670,317.0,2022-03-23 16:50:00+00:00,2022-03-23 16:50:00+00:00,0
1648054500,0.4,670,317.0,2022-03-23 16:55:00+00:00,2022-03-23 16:55:00+00:00,0
1648054800,1.5,670,325.0,2022-03-23 17:00:00+00:00,2022-03-23 17:00:00+00:00,0
1648055100,0.4,670,325.0,2022-03-23 17:05:00+00:00,2022-03-23 17:05:00+00:00,0
1648055400,0.4,670,321.0,2022-03-23 17:10:00+00:00,2022-03-23 17:10:00+00:00,0
1648055700,0.8,670,321.0,2022-03-23 17:15:00+00:00,2022-03-23 17:15:00+00:00,0
1648056000,1.8,670,324.0,2022-03-23 17:20:00+00:00,2022-03-23 17:20:00+00:00,0
1648056300,0.6,670,324.0,2022-03-23 17:25:00+00:00,2022-03-23 17:25:00+00:00,0
1648056600,0.6,670,312.0,2022-03-23 17:30:00+00:00,2022-03-23 17:30:00+00:00,0
1648056900,1.0,670,312.0,2022-03-23 17:35:00+00:00,2022-03-23 17:35:00+00:00,0
1648057200,0.8,670,321.0,2022-03-23 17:40:00+00:00,2022-03-23 17:40:00+00:00,0
1648057500,0.8,670,321.0,2022-03-23 17:45:00+00:00,2022-03-23 17:45:00+00:00,0
1648057800,0.8,670,315.0,2022-03-23 17:50:00+00:00,2022-03-23 17:50:00+00:00,0
1648058100,0.4,670,315.0,2022-03-23 17:55:00+00:00,2022-03-23 17:55:00+00:00,0
1648058400,0.5,670,324.0,2022-03-23 18:00:00+00:00,2022-03-23 18:00:00+00:00,0
1648058700,1.4,670,324.0,2022-03-23 18:05:00+00:00,2022-03-23 18:05:00+00:00,0
1648059000,0.6,670,325.0,2022-03-23 18:10:00+00:00,2022-03-23 18:10:00+00:00,0
1648059300,0.6,670,325.0,2022-03-23 18:15:00+00:00,2022-03-23 18:15:00+00:00,0
1648059600,0.0,670,323.0,2022-03-23 18:20:00+00:00,2022-03-23 18:20:00+00:00,0
1648059900,0.2,670,323.0,2022-03-23 18:25:00+00:00,2022-03-23 18:25:00+00:00,0
1648060200,0.2,670,316.0,2022-03-23 18:30:00+00:00,2022-03-23 18:30:00+00:00,0
1648060500,1.0,670,316.0,2022-03-23 18:35:00+00:00,2022-03-23 18:35:00+00:00,0
1648060800,1.4,670,325.0,2022-03-23 18:40:00+00:00,2022-03-23 18:40:00+00:00,0
1648061100,0.6,670,325.0,2022-03-23 18:45:00+00:00,2022-03-23 18:45:00+00:00,0
1648061400,0.6,670,323.0,2022-03-23 18:50:00+00:00,2022-03-23 18:50:00+00:00,0
1648061700,0.4,670,323.0,2022-03-23 18:55:00+00:00,2022-03-23 18:55:00+00:00,0
1648062000,0.25,670,328.0,2022-03-23 19:00:00+00:00,2022-03-23 19:00:00+00:00,0
1648062300,0.4,670,328.0,2022-03-23 19:05:00+00:00,2022-03-23 19:05:00+00:00,0
1648062600,0.2,670,324.0,2022-03-23 19:10:00+00:00,2022-03-23 19:10:00+00:00,0
1648062900,1.0,670,324.0,2022-03-23 19:15:00+00:00,2022-03-23 19:15:00+00:00,0
1648063200,0.8,670,320.0,2022-03-23 19:20:00+00:00,2022-03-23 19:20:00+00:00,0
1648063500,0.8,670,320.0,2022-03-23 19:25:00+00:00,2022-03-23 19:25:00+00:00,0
1648063800,1.2,670,321.0,2022-03-23 19:30:00+00:00,2022-03-23 19:30:00+00:00,0
1648064100,0.6,670,321.0,2022-03-23 19:35:00+00:00,2022-03-23 19:35:00+00:00,0
1648064400,0.2,670,324.0,2022-03-23 19:40:00+00:00,2022-03-23 19:40:00+00:00,0
1648064700,0.8,670,324.0,2022-03-23 19:45:00+00:00,2022-03-23 19:45:00+00:00,0
1648065000,0.2,670,324.0,2022-03-23 19:50:00+00:00,2022-03-23 19:50:00+00:00,0
1648065300,0.0,664,324.0,2022-03-23 19:55:00+00:00,2022-03-23 19:55:00+00:00,0
1648065600,,670,315.0,2022-03-23 20:00:00+00:00,2022-03-23 20:00:00+00:00,0
1648065900,0.5,670,315.0,2022-03-23 20:05:00+00:00,2022-03-23 20:05:00+00:00,0
1648066200,0.0,670,319.0,2022-03-23 20:10:00+00:00,2022-03-23 20:10:00+00:00,0
1648066500,0.8,670,319.0,2022-03-23 20:15:00+00:00,2022-03-23 20:15:00+00:00,0
1648066800,0.2,670,325.0,2022-03-23 20:20:00+00:00,2022-03-23 20:20:00+00:00,0
1648067100,0.6,670,325.0,2022-03-23 20:25:00+00:00,2022-03-23 20:25:00+00:00,0
1648067400,0.2,670,327.0,2022-03-23 20:30:00+00:00,2022-03-23 20:30:00+00:00,0
1648067700,0.4,670,327.0,2022-03-23 20:35:00+00:00,2022-03-23 20:35:00+00:00,0
1648068000,0.2,670,323.0,2022-03-23 20:40:00+00:00,2022-03-23 20:40:00+00:00,0
1648068300,0.2,670,323.0,2022-03-23 20:45:00+00:00,2022-03-23 20:45:00+00:00,0
1648068600,0.2,670,326.0,2022-03-23 20:50:00+00:00,2022-03-23 20:50:00+00:00,0
1648068900,0.8,670,326.0,2022-03-23 20:55:00+00:00,2022-03-23 20:55:00+00:00,0
1648069200,1.4,670,325.0,2022-03-23 21:00:00+00:00,2022-03-23 21:00:00+00:00,0
1648069500,0.6,670,325.0,2022-03-23 21:05:00+00:00,2022-03-23 21:05:00+00:00,0
1648069800,0.8,670,322.0,2022-03-23 21:10:00+00:00,2022-03-23 21:10:00+00:00,0
1648070100,1.6,670,322.0,2022-03-23 21:15:00+00:00,2022-03-23 21:15:00+00:00,0
1648070400,2.2,670,327.0,2022-03-23 21:20:00+00:00,2022-03-23 21:20:00+00:00,0
1648070700,2.0,670,327.0,2022-03-23 21:25:00+00:00,2022-03-23 21:25:00+00:00,0
1648071000,1.4,670,326.0,2022-03-23 21:30:00+00:00,2022-03-23 21:30:00+00:00,0
1648071300,1.8,670,326.0,2022-03-23 21:35:00+00:00,2022-03-23 21:35:00+00:00,0
1648071600,1.8,670,338.0,2022-03-23 21:40:00+00:00,2022-03-23 21:40:00+00:00,0
1648071900,1.6,670,338.0,2022-03-23 21:45:00+00:00,2022-03-23 21:45:00+00:00,0
1648072200,1.8,670,334.0,2022-03-23 21:50:00+00:00,2022-03-23 21:50:00+00:00,0
1648072500,1.8,670,334.0,2022-03-23 21:55:00+00:00,2022-03-23 21:55:00+00:00,0
1648072800,2.0,670,338.0,2022-03-23 22:00:00+00:00,2022-03-23 22:00:00+00:00,0
1648073100,1.6,670,338.0,2022-03-23 22:05:00+00:00,2022-03-23 22:05:00+00:00,0
1648073400,1.6,670,349.0,2022-03-23 22:10:00+00:00,2022-03-23 22:10:00+00:00,0
1648073700,0.4,670,349.0,2022-03-23 22:15:00+00:00,2022-03-23 22:15:00+00:00,0
1648074000,1.2,670,349.0,2022-03-23 22:20:00+00:00,2022-03-23 22:20:00+00:00,0
1648074300,0.8,670,349.0,2022-03-23 22:25:00+00:00,2022-03-23 22:25:00+00:00,0
1648074600,0.6,670,344.0,2022-03-23 22:30:00+00:00,2022-03-23 22:30:00+00:00,0
1648074900,0.8,670,344.0,2022-03-23 22:35:00+00:00,2022-03-23 22:35:00+00:00,0
1648075200,0.4,670,344.0,2022-03-23 22:40:00+00:00,2022-03-23 22:40:00+00:00,0
1648075500,0.8,670,344.0,2022-03-23 22:45:00+00:00,2022-03-23 22:45:00+00:00,0
1648075800,0.4,670,355.0,2022-03-23 22:50:00+00:00,2022-03-23 22:50:00+00:00,0
1648076100,0.6,670,355.0,2022-03-23 22:55:00+00:00,2022-03-23 22:55:00+00:00,0
1648076400,1.2,670,356.0,2022-03-23 23:00:00+00:00,2022-03-23 23:00:00+00:00,0
1648076700,0.4,670,356.0,2022-03-23 23:05:00+00:00,2022-03-23 23:05:00+00:00,0
1648077000,0.4,670,362.0,2022-03-23 23:10:00+00:00,2022-03-23 23:10:00+00:00,0
1648077300,0.4,670,362.0,2022-03-23 23:15:00+00:00,2022-03-23 23:15:00+00:00,0
1648077600,0.6,670,361.0,2022-03-23 23:20:00+00:00,2022-03-23 23:20:00+00:00,0
1648077900,1.4,670,361.0,2022-03-23 23:25:00+00:00,2022-03-23 23:25:00+00:00,0
1648078200,0.4,670,358.0,2022-03-23 23:30:00+00:00,2022-03-23 23:30:00+00:00,0
1648078500,0.2,670,358.0,2022-03-23 23:35:00+00:00,2022-03-23 23:35:00+00:00,0
1648078800,0.2,670,353.0,2022-03-23 23:40:00+00:00,2022-03-23 23:40:00+00:00,0
1648079100,0.8,670,353.0,2022-03-23 23:45:00+00:00,2022-03-23 23:45:00+00:00,0
1648079400,0.2,670,355.0,2022-03-23 23:50:00+00:00,2022-03-23 23:50:00+00:00,0
1648079700,0.2,670,355.0,2022-03-23 23:55:00+00:00,2022-03-23 23:55:00+00:00,0
1648080000,0.5,670,362.0,2022-03-24 00:00:00+00:00,2022-03-24 00:00:00+00:00,0
1648080300,0.2,670,362.0,2022-03-24 00:05:00+00:00,2022-03-24 00:05:00+00:00,0
1648080600,0.2,670,368.0,2022-03-24 00:10:00+00:00,2022-03-24 00:10:00+00:00,0
1648080900,0.4,670,368.0,2022-03-24 00:15:00+00:00,2022-03-24 00:15:00+00:00,0
1648081200,0.4,670,361.0,2022-03-24 00:20:00+00:00,2022-03-24 00:20:00+00:00,0
1648081500,0.8,670,361.0,2022-03-24 00:25:00+00:00,2022-03-24 00:25:00+00:00,0
1648081800,1.0,670,360.0,2022-03-24 00:30:00+00:00,2022-03-24 00:30:00+00:00,0
1648082100,0.2,670,360.0,2022-03-24 00:35:00+00:00,2022-03-24 00:35:00+00:00,0
1648082400,0.4,670,365.0,2022-03-24 00:40:00+00:00,2022-03-24 00:40:00+00:00,0
1648082700,0.6,670,365.0,2022-03-24 00:45:00+00:00,2022-03-24 00:45:00+00:00,0
1648083000,0.6,670,365.0,2022-03-24 00:50:00+00:00,2022-03-24 00:50:00+00:00,0
1648083300,0.2,670,365.0,2022-03-24 00:55:00+00:00,2022-03-24 00:55:00+00:00,0
1648083600,,670,366.0,2022-03-24 01:00:00+00:00,2022-03-24 01:00:00+00:00,0
1648083900,1.0,670,366.0,2022-03-24 01:05:00+00:00,2022-03-24 01:05:00+00:00,0
1648084200,0.0,670,369.0,2022-03-24 01:10:00+00:00,2022-03-24 01:10:00+00:00,0
1648084500,0.4,670,369.0,2022-03-24 01:15:00+00:00,2022-03-24 01:15:00+00:00,0
1648084800,0.0,670,369.0,2022-03-24 01:20:00+00:00,2022-03-24 01:20:00+00:00,0
1648085100,0.6,670,369.0,2022-03-24 01:25:00+00:00,2022-03-24 01:25:00+00:00,0
1648085400,0.2,670,373.0,2022-03-24 01:30:00+00:00,2022-03-24 01:30:00+00:00,0
1648085700,0.2,670,373.0,2022-03-24 01:35:00+00:00,2022-03-24 01:35:00+00:00,0
1648086000,0.8,670,379.0,2022-03-24 01:40:00+00:00,2022-03-24 01:40:00+00:00,0
1648086300,0.4,670,379.0,2022-03-24 01:45:00+00:00,2022-03-24 01:45:00+00:00,0
1648086600,1.2,670,371.0,2022-03-24 01:50:00+00:00,2022-03-24 01:50:00+00:00,0
1648086900,0.2,670,371.0,2022-03-24 01:55:00+00:00,2022-03-24 01:55:00+00:00,0
1648087200,1.0,670,371.0,2022-03-24 02:00:00+00:00,2022-03-24 02:00:00+00:00,0
1648087500,0.6,670,371.0,2022-03-24 02:05:00+00:00,2022-03-24 02:05:00+00:00,0
1648087800,0.8,670,366.0,2022-03-24 02:10:00+00:00,2022-03-24 02:10:00+00:00,0
1648088100,0.4,670,366.0,2022-03-24 02:15:00+00:00,2022-03-24 02:15:00+00:00,0
1648088400,0.6,670,370.0,2022-03-24 02:20:00+00:00,2022-03-24 02:20:00+00:00,0
1648088700,0.4,670,370.0,2022-03-24 02:25:00+00:00,2022-03-24 02:25:00+00:00,0
1648089000,1.0,670,359.0,2022-03-24 02:30:00+00:00,2022-03-24 02:30:00+00:00,0
1648089300,0.2,670,359.0,2022-03-24 02:35:00+00:00,2022-03-24 02:35:00+00:00,0
1648089600,0.0,670,362.0,2022-03-24 02:40:00+00:00,2022-03-24 02:40:00+00:00,0
1648089900,0.6,670,362.0,2022-03-24 02:45:00+00:00,2022-03-24 02:45:00+00:00,0
1648090200,0.8,670,375.0,2022-03-24 02:50:00+00:00,2022-03-24 02:50:00+00:00,0
1648090500,0.4,670,375.0,2022-03-24 02:55:00+00:00,2022-03-24 02:55:00+00:00,0
1648090800,0.6,670,364.0,2022-03-24 03:00:00+00:00,2022-03-24 03:00:00+00:00,0
1648091100,0.8,670,364.0,2022-03-24 03:05:00+00:00,2022-03-24 03:05:00+00:00,0
1648091400,0.0,670,360.0,2022-03-24 03:10:00+00:00,2022-03-24 03:10:00+00:00,0
1648091700,0.8,670,360.0,2022-03-24 03:15:00+00:00,2022-03-24 03:15:00+00:00,0
1648092000,0.6,670,376.0,2022-03-24 03:20:00+00:00,2022-03-24 03:20:00+00:00,0
1648092300,0.8,670,376.0,2022-03-24 03:25:00+00:00,2022-03-24 03:25:00+00:00,0
1648092600,1.2,670,363.0,2022-03-24 03:30:00+00:00,2022-03-24 03:30:00+00:00,0
1648092900,0.2,670,363.0,2022-03-24 03:35:00+00:00,2022-03-24 03:35:00+00:00,0
1648093200,0.6,670,371.0,2022-03-24 03:40:00+00:00,2022-03-24 03:40:00+00:00,0
1648093500,1.0,670,371.0,2022-03-24 03:45:00+00:00,2022-03-24 03:45:00+00:00,0
1648093800,0.6,670,356.0,2022-03-24 03:50:00+00:00,2022-03-24 03:50:00+00:00,0
1648094100,0.6,670,356.0,2022-03-24 03:55:00+00:00,2022-03-24 03:55:00+00:00,0
1648094400,0.8,670,361.0,2022-03-24 04:00:00+00:00,2022-03-24 04:00:00+00:00,0
1648094700,1.0,670,361.0,2022-03-24 04:05:00+00:00,2022-03-24 04:05:00+00:00,0
1648095000,0.6,670,368.0,2022-03-24 04:10:00+00:00,2022-03-24 04:10:00+00:00,0
1648095300,0.8,670,368.0,2022-03-24 04:15:00+00:00,2022-03-24 04:15:00+00:00,0
1648095600,1.0,670,378.0,2022-03-24 04:20:00+00:00,2022-03-24 04:20:00+00:00,0
1648095900,0.2,670,378.0,2022-03-24 04:25:00+00:00,2022-03-24 04:25:00+00:00,0
1648096200,0.4,670,370.0,2022-03-24 04:30:00+00:00,2022-03-24 04:30:00+00:00,0
1648096500,0.4,670,370.0,2022-03-24 04:35:00+00:00,2022-03-24 04:35:00+00:00,0
1648096800,0.4,670,374.0,2022-03-24 04:40:00+00:00,2022-03-24 04:40:00+00:00,0
1648097100,0.8,670,374.0,2022-03-24 04:45:00+00:00,2022-03-24 04:45:00+00:00,0
1648097400,0.2,670,373.0,2022-03-24 04:50:00+00:00,2022-03-24 04:50:00+00:00,0
1648097700,0.8,670,373.0,2022-03-24 04:55:00+00:00,2022-03-24 04:55:00+00:00,0
1648098000,0.6666666666666666,670,378.0,2022-03-24 05:00:00+00:00,2022-03-24 05:00:00+00:00,0
1648098300,0.2,670,378.0,2022-03-24 05:05:00+00:00,2022-03-24 05:05:00+00:00,0
1648098600,0.6,670,379.0,2022-03-24 05:10:00+00:00,2022-03-24 05:10:00+00:00,0
1648098900,0.8,670,379.0,2022-03-24 05:15:00+00:00,2022-03-24 05:15:00+00:00,0
1648099200,0.4,670,382.0,2022-03-24 05:20:00+00:00,2022-03-24 05:20:00+00:00,0
1648099500,0.8,670,382.0,2022-03-24 05:25:00+00:00,2022-03-24 05:25:00+00:00,0
1648099800,0.6,670,382.0,2022-03-24 05:30:00+00:00,2022-03-24 05:30:00+00:00,0
1648100100,0.4,670,382.0,2022-03-24 05:35:00+00:00,2022-03-24 05:35:00+00:00,0
1648100400,0.4,670,390.0,2022-03-24 05:40:00+00:00,2022-03-24 05:40:00+00:00,0
1648100700,0.4,670,390.0,2022-03-24 05:45:00+00:00,2022-03-24 05:45:00+00:00,0
1648101000,1.0,670,380.0,2022-03-24 05:50:00+00:00,2022-03-24 05:50:00+00:00,0
1648101300,0.2,670,380.0,2022-03-24 05:55:00+00:00,2022-03-24 05:55:00+00:00,0
1648101600,1.0,670,380.0,2022-03-24 06:00:00+00:00,2022-03-24 06:00:00+00:00,0
1648101900,0.6,670,380.0,2022-03-24 06:05:00+00:00,2022-03-24 06:05:00+00:00,0
1648102200,0.6,670,377.0,2022-03-24 06:10:00+00:00,2022-03-24 06:10:00+00:00,0
1648102500,0.6,670,377.0,2022-03-24 06:15:00+00:00,2022-03-24 06:15:00+00:00,0
1648102800,0.6,670,376.0,2022-03-24 06:20:00+00:00,2022-03-24 06:20:00+00:00,0
1648103100,0.8,670,376.0,2022-03-24 06:25:00+00:00,2022-03-24 06:25:00+00:00,0
1648103400,0.8,670,378.0,2022-03-24 06:30:00+00:00,2022-03-24 06:30:00+00:00,0
1648103700,0.2,670,378.0,2022-03-24 06:35:00+00:00,2022-03-24 06:35:00+00:00,0
1648104000,0.8,670,371.0,2022-03-24 06:40:00+00:00,2022-03-24 06:40:00+00:00,0
1648104300,0.6,670,371.0,2022-03-24 06:45:00+00:00,2022-03-24 06:45:00+00:00,0
1648104600,0.6,670,373.0,2022-03-24 06:50:00+00:00,2022-03-24 06:50:00+00:00,0
1648104900,0.8,670,373.0,2022-03-24 06:55:00+00:00,2022-03-24 06:55:00+00:00,0
1648105200,0.8,670,370.0,2022-03-24 07:00:00+00:00,2022-03-24 07:00:00+00:00,0
1648105500,0.8,670,370.0,2022-03-24 07:05:00+00:00,2022-03-24 07:05:00+00:00,0
1648105800,0.4,670,383.0,2022-03-24 07:10:00+00:00,2022-03-24 07:10:00+00:00,0
1648106100,0.2,670,383.0,2022-03-24 07:15:00+00:00,2022-03-24 07:15:00+00:00,0
1648106400,0.2,670,382.0,2022-03-24 07:20:00+00:00,2022-03-24 07:20:00+00:00,0
1648106700,1.2,670,382.0,2022-03-24 07:25:00+00:00,2022-03-24 07:25:00+00:00,0
1648107000,0.6,670,388.0,2022-03-24 07:30:00+00:00,2022-03-24 07:30:00+00:00,0
1648107300,1.0,670,388.0,2022-03-24 07:35:00+00:00,2022-03-24 07:35:00+00:00,0
1648107600,1.2,670,388.0,2022-03-24 07:40:00+00:00,2022-03-24 07:40:00+00:00,0
1648107900,1.0,670,388.0,2022-03-24 07:45:00+00:00,2022-03-24 07:45:00+00:00,0
1648108200,0.6,670,382.0,2022-03-24 07:50:00+00:00,2022-03-24 07:50:00+00:00,0
1648108500,1.2,670,382.0,2022-03-24 07:55:00+00:00,2022-03-24 07:55:00+00:00,0
1648108800,0.6,670,376.0,2022-03-24 08:00:00+00:00,2022-03-24 08:00:00+00:00,0
1648109100,1.8,670,376.0,2022-03-24 08:05:00+00:00,2022-03-24 08:05:00+00:00,0
1648109400,0.8,670,380.0,2022-03-24 08:10:00+00:00,2022-03-24 08:10:00+00:00,0
1648109700,0.4,670,380.0,2022-03-24 08:15:00+00:00,2022-03-24 08:15:00+00:00,0
1648110000,0.8,670,374.0,2022-03-24 08:20:00+00:00,2022-03-24 08:20:00+00:00,0
1648110300,2.6,670,374.0,2022-03-24 08:25:00+00:00,2022-03-24 08:25:00+00:00,0
1648110600,0.8,670,379.0,2022-03-24 08:30:00+00:00,2022-03-24 08:30:00+00:00,0
1648110900,1.6,670,379.0,2022-03-24 08:35:00+00:00,2022-03-24 08:35:00+00:00,0
1648111200,1.4,670,381.0,2022-03-24 08:40:00+00:00,2022-03-24 08:40:00+00:00,0
1648111500,1.0,670,381.0,2022-03-24 08:45:00+00:00,2022-03-24 08:45:00+00:00,0
1648111800,0.6,670,374.0,2022-03-24 08:50:00+00:00,2022-03-24 08:50:00+00:00,0
1648112100,0.6,670,374.0,2022-03-24 08:55:00+00:00,2022-03-24 08:55:00+00:00,0
1648112400,1.0,670,386.0,2022-03-24 09:00:00+00:00,2022-03-24 09:00:00+00:00,0
1648112700,0.8,670,386.0,2022-03-24 09:05:00+00:00,2022-03-24 09:05:00+00:00,0
1648113000,0.8,670,384.0,2022-03-24 09:10:00+00:00,2022-03-24 09:10:00+00:00,0
1648113300,0.8,670,384.0,2022-03-24 09:15:00+00:00,2022-03-24 09:15:00+00:00,0
1648113600,0.4,670,382.0,2022-03-24 09:20:00+00:00,2022-03-24 09:20:00+00:00,0
1648113900,0.8,670,382.0,2022-03-24 09:25:00+00:00,2022-03-24 09:25:00+00:00,0
1648114200,0.8,670,386.0,2022-03-24 09:30:00+00:00,2022-03-24 09:30:00+00:00,0
1648114500,0.6,670,386.0,2022-03-24 09:35:00+00:00,2022-03-24 09:35:00+00:00,0
1648114800,1.2,670,376.0,2022-03-24 09:40:00+00:00,2022-03-24 09:40:00+00:00,0
1648115100,1.2,670,376.0,2022-03-24 09:45:00+00:00,2022-03-24 09:45:00+00:00,0
1648115400,1.2,670,389.0,2022-03-24 09:50:00+00:00,2022-03-24 09:50:00+00:00,0
1648115700,1.2,670,389.0,2022-03-24 09:55:00+00:00,2022-03-24 09:55:00+00:00,0
1648116000,1.2,670,380.0,2022-03-24 10:00:00+00:00,2022-03-24 10:00:00+00:00,0
1648116300,0.8,670,380.0,2022-03-24 10:05:00+00:00,2022-03-24 10:05:00+00:00,0
1648116600,0.6,670,376.0,2022-03-24 10:10:00+00:00,2022-03-24 10:10:00+00:00,0
1648116900,1.2,670,376.0,2022-03-24 10:15:00+00:00,2022-03-24 10:15:00+00:00,0
1648117200,1.0,670,375.0,2022-03-24 10:20:00+00:00,2022-03-24 10:20:00+00:00,0
1648117500,0.2,670,375.0,2022-03-24 10:25:00+00:00,2022-03-24 10:25:00+00:00,0
1648117800,1.2,670,370.0,2022-03-24 10:30:00+00:00,2022-03-24 10:30:00+00:00,0
1648118100,1.0,670,370.0,2022-03-24 10:35:00+00:00,2022-03-24 10:35:00+00:00,0
1648118400,1.0,670,273.0,2022-03-24 10:40:00+00:00,2022-03-24 10:40:00+00:00,0
1648118700,1.2,670,273.0,2022-03-24 10:45:00+00:00,2022-03-24 10:45:00+00:00,0
1648119000,1.2,670,329.0,2022-03-24 10:50:00+00:00,2022-03-24 10:50:00+00:00,0
1648119300,1.8,670,329.0,2022-03-24 10:55:00+00:00,2022-03-24 10:55:00+00:00,0
1648119600,1.0,670,355.0,2022-03-24 11:00:00+00:00,2022-03-24 11:00:00+00:00,0
1648119900,0.4,670,355.0,2022-03-24 11:05:00+00:00,2022-03-24 11:05:00+00:00,0
1648120200,1.2,670,369.0,2022-03-24 11:10:00+00:00,2022-03-24 11:10:00+00:00,0
1648120500,1.0,670,369.0,2022-03-24 11:15:00+00:00,2022-03-24 11:15:00+00:00,0
1648120800,1.2,670,369.0,2022-03-24 11:20:00+00:00,2022-03-24 11:20:00+00:00,0
1648121100,0.2,670,369.0,2022-03-24 11:25:00+00:00,2022-03-24 11:25:00+00:00,0
1648121400,0.6,670,377.0,2022-03-24 11:30:00+00:00,2022-03-24 11:30:00+00:00,0
1648121700,1.6,670,377.0,2022-03-24 11:35:00+00:00,2022-03-24 11:35:00+00:00,0
1648122000,0.6,670,382.0,2022-03-24 11:40:00+00:00,2022-03-24 11:40:00+00:00,0
1648122300,1.6,670,382.0,2022-03-24 11:45:00+00:00,2022-03-24 11:45:00+00:00,0
1648122600,1.6,670,377.0,2022-03-24 11:50:00+00:00,2022-03-24 11:50:00+00:00,0
1648122900,1.6,670,377.0,2022-03-24 11:55:00+00:00,2022-03-24 11:55:00+00:00,0
1648123200,1.8,670,377.0,2022-03-24 12:00:00+00:00,2022-03-24 12:00:00+00:00,0
1648123500,2.4,670,377.0,2022-03-24 12:05:00+00:00,2022-03-24 12:05:00+00:00,0
1648123800,2.4,670,382.0,2022-03-24 12:10:00+00:00,2022-03-24 12:10:00+00:00,0
1648124100,1.6,670,382.0,2022-03-24 12:15:00+00:00,2022-03-24 12:15:00+00:00,0
1648124400,1.0,670,391.0,2022-03-24 12:20:00+00:00,2022-03-24 12:20:00+00:00,0
1648124700,1.0,670,391.0,2022-03-24 12:25:00+00:00,2022-03-24 12:25:00+00:00,0
1648125000,1.0,670,390.0,2022-03-24 12:30:00+00:00,2022-03-24 12:30:00+00:00,0
1648125300,0.6,670,390.0,2022-03-24 12:35:00+00:00,2022-03-24 12:35:00+00:00,0
1648125600,0.2,670,393.0,2022-03-24 12:40:00+00:00,2022-03-24 12:40:00+00:00,0
1648125900,0.8,670,393.0,2022-03-24 12:45:00+00:00,2022-03-24 12:45:00+00:00,0
1648126200,1.2,669,388.0,2022-03-24 12:50:00+00:00,2022-03-24 12:50:00+00:00,0
1648126500,0.6,669,388.0,2022-03-24 12:55:00+00:00,2022-03-24 12:55:00+00:00,0
1648126800,2.5,669,394.0,2022-03-24 13:00:00+00:00,2022-03-24 13:00:00+00:00,0
1648127100,1.0,669,394.0,2022-03-24 13:05:00+00:00,2022-03-24 13:05:00+00:00,0
1648127400,1.4,669,389.0,2022-03-24 13:10:00+00:00,2022-03-24 13:10:00+00:00,0
1648127700,0.8,669,389.0,2022-03-24 13:15:00+00:00,2022-03-24 13:15:00+00:00,0
1648128000,0.6,669,375.0,2022-03-24 13:20:00+00:00,2022-03-24 13:20:00+00:00,0
1648128300,1.2,669,375.0,2022-03-24 13:25:00+00:00,2022-03-24 13:25:00+00:00,0
1648128600,1.2,669,391.0,2022-03-24 13:30:00+00:00,2022-03-24 13:30:00+00:00,0
1648128900,1.0,669,391.0,2022-03-24 13:35:00+00:00,2022-03-24 13:35:00+00:00,0
1648129200,1.4,669,377.0,2022-03-24 13:40:00+00:00,2022-03-24 13:40:00+00:00,0
1648129500,1.6,669,377.0,2022-03-24 13:45:00+00:00,2022-03-24 13:45:00+00:00,0
1648129800,0.6,669,381.0,2022-03-24 13:50:00+00:00,2022-03-24 13:50:00+00:00,0
1648130100,0.8,669,381.0,2022-03-24 13:55:00+00:00,2022-03-24 13:55:00+00:00,0
1648130400,0.4,668,377.0,2022-03-24 14:00:00+00:00,2022-03-24 14:00:00+00:00,0
1648130700,1.0,668,377.0,2022-03-24 14:05:00+00:00,2022-03-24 14:05:00+00:00,0
1648131000,0.8,668,383.0,2022-03-24 14:10:00+00:00,2022-03-24 14:10:00+00:00,0
1648131300,1.2,669,383.0,2022-03-24 14:15:00+00:00,2022-03-24 14:15:00+00:00,0
1648131600,0.4,669,382.0,2022-03-24 14:20:00+00:00,2022-03-24 14:20:00+00:00,0
